order_id,customer_id,order_date,num_items,subtotal,tax,shipping,total_amount,currency,status,total_paid,payment_count,payment_method,difference,abs_difference
ORD-00001,bf3c8405-e80d-4159-a07c-0eedf0a0f2fa,2026-01-23 22:35:32,1,34.76,5.21,6.88,46.85,USD,Fully Paid,46.85,1.0,paypal,0.0,0.0
ORD-00002,286281f4-9230-408b-b5b5-7ea752ad6bc8,2026-03-14 16:24:51,1,594.59,89.19,0.79,684.57,USD,Fully Paid,684.57,1.0,bank_transfer,0.0,0.0
ORD-00003,da48e822-e195-406f-a645-ccc4f03e19ba,2026-03-28 09:15:52,1,565.63,84.84,17.9,668.37,USD,Underpaid,614.9,2.0,"credit_card, paypal",53.47000000000003,53.47000000000003
ORD-00004,3d4f2ac2-19c6-46a0-8d3e-23c0da653a49,2026-03-02 20:48:31,5,2513.69,377.05,6.95,2897.69,USD,Underpaid,2665.87,1.0,credit_card,231.82000000000016,231.82000000000016
ORD-00005,eba11ed0-9a24-4448-a46a-da1c0ff9c71d,2026-02-15 15:32:37,1,386.13,57.92,8.97,453.02,USD,Overpaid,822.28,2.0,"bank_transfer, crypto",-369.26,369.26
ORD-00006,24b19358-8f81-4e62-800f-e4d18f79d24b,2026-01-16 23:57:21,4,2455.52,368.33,20.74,2844.59,USD,Underpaid,2617.02,1.0,paypal,227.57000000000016,227.57000000000016
ORD-00007,603332a3-36f2-4dc4-85e7-fb4a7eda285e,2026-02-22 03:35:50,2,762.9,114.43,5.7,883.03,USD,Underpaid,812.39,1.0,credit_card,70.63999999999999,70.63999999999999
ORD-00008,1303d8b4-a905-47b3-8c76-41c1f262e122,2026-01-13 11:43:20,1,386.32,57.95,11.34,455.61,EUR,Overpaid,473.7,1.0,credit_card,-18.089999999999975,18.089999999999975
ORD-00009,bdb7460d-5c43-4a7d-924c-405a402378af,2026-04-05 01:51:10,2,1378.27,206.74,17.09,1602.1,USD,Fully Paid,1602.1,1.0,crypto,0.0,0.0
ORD-00010,a0bb6a48-db10-4299-a86c-689e8a0bdc9e,2026-01-24 08:56:49,2,557.4300000000001,83.61,24.74,665.78,USD,Fully Paid,665.78,1.0,bank_transfer,0.0,0.0
ORD-00011,4736fb26-6346-48d5-9430-a66df12044b1,2026-03-12 23:35:49,1,236.76,35.51,0.8,273.07,USD,Fully Paid,273.07,1.0,paypal,0.0,0.0
ORD-00012,1846d479-5d34-484a-b3ba-815f9ac12e07,2026-01-18 00:53:39,5,3175.09,476.26,11.47,3662.82,USD,Underpaid,3369.79,1.0,credit_card,293.0300000000002,293.0300000000002
ORD-00013,465a7a42-0e96-4cbb-ad56-60ad1ac76e77,2026-03-02 22:23:03,5,2390.23,358.53,24.94,2773.7,USD,Underpaid,953.56,1.0,credit_card,1820.1399999999999,1820.1399999999999
ORD-00014,8eebb05c-6cfb-4790-9893-581a76530d9c,2026-03-24 20:49:34,1,161.31,24.2,4.0,189.51,USD,Fully Paid,189.51,1.0,paypal,0.0,0.0
ORD-00015,98993c87-be5e-4e4e-a4b7-aa76676b0ba1,2026-02-06 10:59:34,4,1889.89,283.48,23.56,2196.93,USD,Fully Paid,2196.93,1.0,paypal,0.0,0.0
ORD-00016,2fc20c14-ace1-40a3-ab28-3169a00ab97d,2026-02-02 22:00:44,3,1418.25,212.74,3.95,1634.94,USD,Fully Paid,1634.94,1.0,credit_card,0.0,0.0
ORD-00017,fd3824dc-6817-4ab5-810c-ba7dcfea6aec,2026-03-05 01:39:15,5,2864.59,429.69,12.69,3306.97,USD,Fully Paid,3306.97,1.0,credit_card,0.0,0.0
ORD-00018,50fceb14-6562-4056-aa09-23eb766fd228,2026-03-19 13:28:30,5,3893.16,583.97,2.8,4479.93,USD,No Payment,0.0,0.0,,4479.93,4479.93
ORD-00019,55d15283-343b-42e6-b4e1-be4dbfff7ca1,2026-02-10 04:59:27,2,946.58,141.99,23.67,1112.24,USD,Fully Paid,1112.24,1.0,credit_card,0.0,0.0
ORD-00020,d6baceb5-f6fd-4d0e-bb30-9d15daa6cda5,2026-03-27 19:54:17,5,2212.54,331.88,21.81,2566.23,USD,Fully Paid,2566.23,1.0,credit_card,0.0,0.0
ORD-00021,7e7d7be4-411f-4597-8f52-1bee0c39e867,2026-03-16 02:57:45,2,1120.8200000000002,168.12,16.79,1305.73,USD,Fully Paid,1305.73,1.0,bank_transfer,0.0,0.0
ORD-00022,b6fa1f68-2a3c-4fef-8386-e425564ad761,2026-04-01 10:13:40,1,255.43,38.31,1.6,295.34,USD,Fully Paid,295.34,1.0,credit_card,0.0,0.0
ORD-00023,d6ce647c-bc1f-4618-a6a9-a86b08d45dd1,2026-04-05 01:00:37,2,727.88,109.18,1.47,838.53,USD,Underpaid,615.97,1.0,bank_transfer,222.55999999999995,222.55999999999995
ORD-00024,b0a95c5f-43b1-4845-a3b1-0385cfbd8537,2026-01-15 03:32:53,1,519.01,77.85,6.96,603.82,USD,Fully Paid,603.82,1.0,credit_card,0.0,0.0
ORD-00025,c822919d-ed62-4905-b89b-3ba7ebefa99e,2026-03-02 05:23:13,5,2378.6,356.79,10.78,2746.17,USD,Fully Paid,2746.17,1.0,credit_card,0.0,0.0
ORD-00026,8461d346-5875-4263-9e8a-d76878811453,2026-01-28 07:36:51,1,70.01,10.5,18.21,98.72,EUR,Fully Paid,98.72,2.0,credit_card,0.0,0.0
ORD-00027,44ad8d95-50cb-49d1-aeec-294e4634aaee,2026-03-20 16:26:43,2,689.6999999999999,103.45,4.59,797.74,USD,Fully Paid,797.74,1.0,credit_card,0.0,0.0
ORD-00028,99aa1be7-51d0-4272-942e-d9d0eadc5edb,2026-02-18 09:17:18,4,2429.9,364.49,13.51,2807.9,USD,Overpaid,2859.0,1.0,credit_card,-51.09999999999991,51.09999999999991
ORD-00029,9df0917f-3a40-4c1e-a3fd-f8c98f6467e2,2026-03-27 05:50:39,2,898.8900000000001,134.83,21.62,1055.34,EUR,Fully Paid,1055.34,1.0,credit_card,0.0,0.0
ORD-00030,a6dff5b1-644f-4924-9907-4990cae23012,2026-03-27 06:15:29,4,1948.02,292.2,23.93,2264.15,EUR,Fully Paid,2264.15,1.0,credit_card,0.0,0.0
ORD-00031,e21c1e52-cf67-4fa0-a75a-8609bb893f64,2026-02-05 21:02:16,2,423.52,63.53,1.46,488.51,USD,Fully Paid,488.51,1.0,credit_card,0.0,0.0
ORD-00032,f762aa0b-c1ea-48c9-851a-1df88a47de32,2026-02-27 17:59:28,1,59.64,8.95,11.92,80.51,EUR,No Payment,0.0,0.0,,80.51,80.51
ORD-00033,88b8947c-1ecc-491e-a6a2-48be4da12d5a,2026-01-30 20:11:28,5,1803.67,270.55,3.0,2077.22,EUR,Fully Paid,2077.22,1.0,credit_card,0.0,0.0
ORD-00034,389df2db-4383-4529-b913-c435e9b97d55,2026-01-22 20:23:43,1,623.19,93.48,10.48,727.15,USD,Overpaid,842.72,1.0,bank_transfer,-115.57000000000005,115.57000000000005
ORD-00035,c2fc22cb-9420-4c94-9ad8-1c5dbbdbf819,2026-01-25 23:23:01,2,994.07,149.11,6.64,1149.82,USD,Overpaid,1366.18,1.0,credit_card,-216.36000000000013,216.36000000000013
ORD-00036,05a46dfe-be03-4949-98a5-5c7cb7b193ee,2026-02-21 00:04:16,3,1885.33,282.8,15.53,2183.66,USD,Underpaid,1407.11,1.0,credit_card,776.55,776.55
ORD-00037,2fc20c14-ace1-40a3-ab28-3169a00ab97d,2026-02-12 23:46:24,2,651.96,97.79,8.73,758.48,USD,Fully Paid,758.48,1.0,bank_transfer,0.0,0.0
ORD-00038,c1a00f7d-0863-4f71-b68e-db7750dd0ee3,2026-01-16 10:11:24,2,991.59,148.74,7.56,1147.89,EUR,Overpaid,1251.2,1.0,credit_card,-103.30999999999995,103.30999999999995
ORD-00039,b7b969fe-571c-4718-8e7e-89eb885a6a6e,2026-01-21 12:33:24,1,671.18,100.68,13.87,785.73,EUR,Fully Paid,785.73,1.0,credit_card,0.0,0.0
ORD-00040,bb9ed87f-d38e-4e49-918d-7397ee47ea54,2026-03-06 05:48:11,3,797.9300000000001,119.69,6.81,924.43,USD,No Payment,0.0,0.0,,924.43,924.43
ORD-00041,df6d4e61-7b8e-460d-8bbe-975bd1f685f5,2026-02-07 08:24:09,3,1678.04,251.71,1.27,1931.02,USD,Fully Paid,1931.02,1.0,paypal,0.0,0.0
ORD-00042,24b19358-8f81-4e62-800f-e4d18f79d24b,2026-03-24 04:04:55,1,340.22,51.03,3.27,394.52,EUR,Fully Paid,394.52,1.0,credit_card,0.0,0.0
ORD-00043,1f7541c0-8fa1-4ff7-9896-9b0dde78279c,2026-03-20 06:23:46,5,3034.38,455.16,3.73,3493.27,USD,Fully Paid,3493.27,1.0,credit_card,0.0,0.0
ORD-00044,bddd14b8-3cde-4f8a-a825-5c3dae7d9076,2026-01-15 23:57:32,2,486.9,73.03,9.12,569.05,EUR,No Payment,0.0,0.0,,569.05,569.05
ORD-00045,6fe84372-436e-4c32-9cb8-664759674358,2026-03-09 09:58:26,3,586.78,88.02,19.5,694.3,EUR,Overpaid,1336.7199999999998,2.0,"paypal, bank_transfer",-642.4199999999998,642.4199999999998
ORD-00046,41cd2d53-0f79-4736-87ed-07eed564097a,2026-02-17 09:19:56,2,1170.88,175.63,4.06,1350.57,USD,Fully Paid,1350.57,1.0,credit_card,0.0,0.0
ORD-00047,cc7a3503-41b4-4a15-8734-1f3d6a04ef26,2026-02-23 02:02:13,1,187.57,28.14,23.11,238.82,USD,Fully Paid,238.82,1.0,credit_card,0.0,0.0
ORD-00048,0eafeb30-3bb2-49c2-8623-d87be72f1f42,2026-02-14 16:59:22,3,1260.6,189.09,0.97,1450.66,USD,Fully Paid,1450.66,1.0,paypal,0.0,0.0
ORD-00049,05a46dfe-be03-4949-98a5-5c7cb7b193ee,2026-03-30 10:03:26,3,1344.85,201.73,0.59,1547.17,USD,Underpaid,773.58,1.0,crypto,773.59,773.59
ORD-00050,d6baceb5-f6fd-4d0e-bb30-9d15daa6cda5,2026-01-06 00:49:00,3,1554.66,233.2,21.09,1808.95,USD,Fully Paid,1808.95,1.0,paypal,0.0,0.0
ORD-00051,c2fc22cb-9420-4c94-9ad8-1c5dbbdbf819,2026-03-16 22:32:23,2,1568.5,235.27,0.96,1804.73,USD,Fully Paid,1804.73,1.0,paypal,0.0,0.0
ORD-00052,f762aa0b-c1ea-48c9-851a-1df88a47de32,2026-01-28 03:30:50,4,2098.62,314.79,6.37,2419.78,USD,No Payment,0.0,0.0,,2419.78,2419.78
ORD-00053,2fc20c14-ace1-40a3-ab28-3169a00ab97d,2026-04-05 04:31:45,2,449.85,67.48,16.61,533.94,USD,Underpaid,491.22,1.0,credit_card,42.72000000000003,42.72000000000003
ORD-00054,d81b1046-a995-41e6-9389-15b477c63557,2026-02-13 12:05:16,3,1515.19,227.28,17.43,1759.9,USD,Fully Paid,1759.9,1.0,credit_card,0.0,0.0
ORD-00055,385fdf81-fab6-4573-ac7c-b6f1dcb4e1d4,2026-01-27 13:20:48,2,927.3,139.09,13.7,1080.09,USD,Fully Paid,1080.09,2.0,"crypto, paypal",0.0,0.0
ORD-00056,7ec0773c-55ef-4b30-822a-c95911fe619d,2026-02-25 23:21:51,5,2581.92,387.29,19.84,2989.05,EUR,Overpaid,3292.84,1.0,bank_transfer,-303.78999999999996,303.78999999999996
ORD-00057,c68f7484-9302-41c6-a449-a1a1b8b0b4fc,2026-02-18 14:06:34,3,1498.75,224.81,20.46,1744.02,USD,Fully Paid,1744.02,1.0,credit_card,0.0,0.0
ORD-00058,5030c9cc-5f8f-4df7-8a7d-0015365fed2c,2026-02-12 12:07:36,2,211.63,31.74,24.6,267.97,USD,Fully Paid,267.97,1.0,credit_card,0.0,0.0
ORD-00059,c6061ad3-247b-48c7-88ee-085c537f3dad,2026-03-18 16:49:54,4,2578.49,386.77,9.99,2975.25,USD,No Payment,0.0,0.0,,2975.25,2975.25
ORD-00060,00e42e79-14cd-4a5c-b82a-efde7f5003f6,2026-01-29 01:32:34,4,2201.57,330.24,13.94,2545.75,EUR,Fully Paid,2545.75,1.0,credit_card,0.0,0.0
ORD-00061,bb9ed87f-d38e-4e49-918d-7397ee47ea54,2026-01-30 23:10:30,4,3208.95,481.34,22.29,3712.58,USD,Fully Paid,3712.58,1.0,credit_card,0.0,0.0
ORD-00062,fd797857-f840-4bd2-9a3a-aebd6cd87478,2026-01-26 13:07:33,4,3029.11,454.37,11.87,3495.35,USD,Fully Paid,3495.35,1.0,paypal,0.0,0.0
ORD-00063,bf3c8405-e80d-4159-a07c-0eedf0a0f2fa,2026-03-07 09:22:29,3,1924.73,288.71,6.86,2220.3,USD,Overpaid,3923.25,2.0,"crypto, bank_transfer",-1702.9499999999998,1702.9499999999998
ORD-00064,d4b9d1f1-b7bf-4cd1-b98a-babca25b1caa,2026-02-13 11:50:58,3,1018.25,152.74,5.78,1176.77,USD,Fully Paid,1176.77,3.0,"paypal, credit_card",0.0,0.0
ORD-00065,dea3164e-968f-4dcf-b019-15c48e65ec2c,2026-01-16 12:13:27,4,1597.1,239.56,10.5,1847.16,EUR,Fully Paid,1847.16,1.0,credit_card,0.0,0.0
ORD-00066,4beffbb2-5c29-4d17-b32b-97079a3b61c7,2026-02-20 13:20:51,5,2371.51,355.73,23.84,2751.08,USD,Fully Paid,2751.08,1.0,paypal,0.0,0.0
ORD-00067,286281f4-9230-408b-b5b5-7ea752ad6bc8,2026-01-30 03:22:08,5,2558.15,383.72,16.72,2958.59,USD,Fully Paid,2958.59,1.0,credit_card,0.0,0.0
ORD-00068,906f07b3-f11b-4da9-9e92-80a15e147f5a,2026-01-17 21:36:40,2,1519.69,227.95,22.67,1770.31,USD,Fully Paid,1770.31,1.0,bank_transfer,0.0,0.0
ORD-00069,c68f7484-9302-41c6-a449-a1a1b8b0b4fc,2026-03-04 05:02:58,4,1056.51,158.48,5.29,1220.28,USD,Fully Paid,1220.28,1.0,credit_card,0.0,0.0
ORD-00070,385fdf81-fab6-4573-ac7c-b6f1dcb4e1d4,2026-02-02 03:30:59,3,1847.85,277.18,2.05,2127.08,USD,Underpaid,1956.91,1.0,credit_card,170.16999999999985,170.16999999999985
ORD-00071,3eb2e4db-07a6-45f6-b7c1-887f4cabd887,2026-03-28 16:38:02,2,1437.06,215.56,16.29,1668.91,USD,No Payment,0.0,0.0,,1668.91,1668.91
ORD-00072,baed7201-989d-411a-8c95-c79619725606,2026-01-18 06:25:09,1,625.12,93.77,5.96,724.85,USD,Fully Paid,724.85,1.0,credit_card,0.0,0.0
ORD-00073,6e828cfe-18ea-4a5a-96cc-4aaccb8440a0,2026-01-16 23:35:52,4,2258.99,338.85,18.7,2616.54,USD,Fully Paid,2616.54,1.0,credit_card,0.0,0.0
ORD-00074,c579325b-eccc-4f5c-9526-3d910788a6f7,2026-03-09 19:30:45,1,582.9,87.43,23.22,693.55,USD,No Payment,0.0,0.0,,693.55,693.55
ORD-00075,7044724f-2968-4d34-a418-448a6fb9aabb,2026-02-16 06:35:22,4,2576.86,386.53,6.07,2969.46,USD,Fully Paid,2969.46,1.0,paypal,0.0,0.0
ORD-00076,bb5fdeb0-4d79-4834-8da7-7e0a4ed0d891,2026-03-27 22:57:32,1,798.26,119.74,14.15,932.15,USD,Fully Paid,932.15,1.0,credit_card,0.0,0.0
ORD-00077,c6753307-2b56-49b3-be62-bdeb85e82bd5,2026-01-09 17:13:26,1,510.9,76.63,8.53,596.06,EUR,Overpaid,1099.07,2.0,"credit_card, crypto",-503.01,503.01
ORD-00078,00e42e79-14cd-4a5c-b82a-efde7f5003f6,2026-02-04 20:04:31,4,3141.07,471.16,10.89,3623.12,USD,No Payment,0.0,0.0,,3623.12,3623.12
ORD-00079,d4b9d1f1-b7bf-4cd1-b98a-babca25b1caa,2026-03-18 06:51:46,5,3016.51,452.48,6.71,3475.7,EUR,Fully Paid,3475.7,1.0,paypal,0.0,0.0
ORD-00080,ddb82008-207d-46b8-8ca3-af17bbdd50dd,2026-02-14 12:50:47,3,1604.29,240.64,15.26,1860.19,USD,Fully Paid,1860.19,1.0,paypal,0.0,0.0
ORD-00081,4736fb26-6346-48d5-9430-a66df12044b1,2026-03-26 09:45:38,2,853.95,128.09,6.46,988.5,USD,Fully Paid,988.5,3.0,"credit_card, crypto",0.0,0.0
ORD-00082,b54583a1-6828-4363-ac11-086f39c3573b,2026-01-25 10:05:04,5,2279.9500000000003,341.99,18.95,2640.89,USD,Underpaid,2429.62,2.0,"credit_card, crypto",211.26999999999998,211.26999999999998
ORD-00083,3d28f496-fcd3-4dad-976c-c298823fae46,2026-01-20 03:07:36,4,1821.37,273.21,7.66,2102.24,USD,Underpaid,1401.49,2.0,"paypal, crypto",700.7499999999998,700.7499999999998
ORD-00084,b7b969fe-571c-4718-8e7e-89eb885a6a6e,2026-02-19 05:00:49,3,1517.21,227.58,17.57,1762.36,USD,Underpaid,881.18,1.0,credit_card,881.18,881.18
ORD-00085,4da58ad7-816f-4d46-888d-4dc9a351d3a7,2026-03-29 22:07:31,2,1067.84,160.18,23.77,1251.79,USD,Fully Paid,1251.79,1.0,bank_transfer,0.0,0.0
ORD-00086,41a6dfa0-803c-4377-b6a4-0fc4201d92ee,2026-02-09 20:45:27,3,2233.57,335.04,7.07,2575.68,USD,Fully Paid,2575.68,2.0,"crypto, credit_card",0.0,0.0
ORD-00087,a01dbcbd-4b72-4ce3-8f35-5497ae956e0a,2026-01-08 01:46:19,3,750.4499999999999,112.57,6.86,869.88,EUR,Overpaid,948.17,1.0,credit_card,-78.28999999999996,78.28999999999996
ORD-00088,661c46b2-9e04-4295-8cf2-de63eeee7569,2026-01-26 05:08:28,4,909.13,136.37,8.52,1054.02,EUR,Fully Paid,1054.02,1.0,paypal,0.0,0.0
ORD-00089,31a1e3de-fcdf-4e75-b3bc-92bf5c74ab90,2026-02-02 14:44:10,1,823.89,123.58,10.02,957.49,USD,Fully Paid,957.49,1.0,paypal,0.0,0.0
ORD-00090,8461d346-5875-4263-9e8a-d76878811453,2026-01-19 17:07:26,2,724.9200000000001,108.74,7.6,841.26,EUR,Fully Paid,841.26,1.0,credit_card,0.0,0.0
ORD-00091,eea3a477-0b62-4cfd-aae5-8c0593b0244a,2026-03-26 23:27:50,5,3296.33,494.45,7.43,3798.21,USD,Fully Paid,3798.21,1.0,credit_card,0.0,0.0
ORD-00092,ceef8550-9848-48eb-90a8-159882c2f80c,2026-04-04 19:16:05,5,2532.75,379.91,6.62,2919.28,USD,Overpaid,3423.72,1.0,crypto,-504.4399999999996,504.4399999999996
ORD-00093,bddd14b8-3cde-4f8a-a825-5c3dae7d9076,2026-03-03 19:18:29,1,164.97,24.75,10.21,199.93,USD,Fully Paid,199.93,1.0,paypal,0.0,0.0
ORD-00094,84aea9a5-cf07-44cc-98ec-7cc43a596913,2026-03-05 12:41:54,2,585.11,87.77,21.49,694.37,USD,Overpaid,1239.8,2.0,"credit_card, crypto",-545.43,545.43
ORD-00095,fd3824dc-6817-4ab5-810c-ba7dcfea6aec,2026-02-06 12:00:54,5,3230.07,484.51,22.71,3737.29,EUR,No Payment,0.0,0.0,,3737.29,3737.29
ORD-00096,ab76031b-68b7-4bdd-a199-9d12a156efb2,2026-02-11 05:40:06,3,2347.07,352.06,10.98,2710.11,USD,Fully Paid,2710.11,1.0,paypal,0.0,0.0
ORD-00097,677ad0be-c5cd-4527-a66e-f99710c8dfdd,2026-02-16 23:27:21,3,1093.97,164.1,1.0,1259.07,USD,No Payment,0.0,0.0,,1259.07,1259.07
ORD-00098,809b77a9-e8de-4fbc-81e7-0115bd1b38c9,2026-01-29 05:12:11,1,100.41,15.06,24.05,139.52,EUR,Fully Paid,139.52,1.0,credit_card,0.0,0.0
ORD-00099,4beffbb2-5c29-4d17-b32b-97079a3b61c7,2026-01-07 14:01:48,3,1529.4,229.41,12.97,1771.78,USD,Fully Paid,1771.78,1.0,bank_transfer,0.0,0.0
ORD-00100,60e075f1-7328-4243-bf17-7020ff7966b8,2026-03-17 05:51:25,4,1590.0600000000002,238.51,8.33,1836.9,USD,No Payment,0.0,0.0,,1836.9,1836.9
ORD-00101,b0a95c5f-43b1-4845-a3b1-0385cfbd8537,2026-03-03 11:36:07,4,2753.25,412.99,13.75,3179.99,USD,No Payment,0.0,0.0,,3179.99,3179.99
ORD-00102,fd63d3cd-f6f6-4e19-8bfa-e6bd9ae73c33,2026-01-15 11:31:37,1,970.48,145.57,10.1,1126.15,USD,No Payment,0.0,0.0,,1126.15,1126.15
ORD-00103,7e7d7be4-411f-4597-8f52-1bee0c39e867,2026-02-02 04:23:17,4,1741.87,261.28,15.64,2018.79,USD,Underpaid,1976.25,1.0,crypto,42.539999999999964,42.539999999999964
ORD-00104,3a450645-a8e3-4c6d-9b10-2eb249c7432d,2026-01-10 03:20:19,2,1372.13,205.82,17.46,1595.41,USD,No Payment,0.0,0.0,,1595.41,1595.41
ORD-00105,2583433c-e0f2-443f-af07-d1f8acbbc70b,2026-01-28 14:11:55,2,1030.32,154.55,0.34,1185.21,USD,Underpaid,1090.39,1.0,credit_card,94.81999999999994,94.81999999999994
ORD-00106,2ca9efb0-fd74-4ccb-b10d-8685550ba68b,2026-03-31 04:25:14,4,2694.58,404.19,7.3,3106.07,USD,Fully Paid,3106.07,1.0,credit_card,0.0,0.0
ORD-00107,41a6dfa0-803c-4377-b6a4-0fc4201d92ee,2026-03-13 01:45:02,4,2119.44,317.92,12.71,2450.07,EUR,Underpaid,1633.38,2.0,"paypal, credit_card",816.69,816.69
ORD-00108,b54583a1-6828-4363-ac11-086f39c3573b,2026-01-23 07:34:36,4,1423.36,213.5,18.15,1655.01,EUR,Fully Paid,1655.0099999999998,3.0,credit_card,2.2737367544323206e-13,2.2737367544323206e-13
ORD-00109,3d28f496-fcd3-4dad-976c-c298823fae46,2026-01-11 11:31:30,2,941.58,141.24,8.31,1091.13,USD,Fully Paid,1091.13,1.0,credit_card,0.0,0.0
ORD-00110,fd63d3cd-f6f6-4e19-8bfa-e6bd9ae73c33,2026-02-20 02:02:59,2,1227.39,184.11,9.57,1421.07,EUR,Fully Paid,1421.07,1.0,paypal,0.0,0.0
ORD-00111,e7b3525d-2e33-4263-b0cd-4e32541a4f1c,2026-03-21 07:58:09,4,2580.74,387.11,20.52,2988.37,EUR,Fully Paid,2988.37,1.0,crypto,0.0,0.0
ORD-00112,785de690-57e6-4823-a128-3068a2634c45,2026-03-21 07:07:22,2,1101.55,165.23,21.74,1288.52,EUR,Fully Paid,1288.52,1.0,credit_card,0.0,0.0
ORD-00113,93c9fadb-9520-40e4-a952-671025a3242c,2026-03-10 02:42:41,4,2020.38,303.06,1.87,2325.31,USD,Underpaid,1887.2,1.0,crypto,438.1099999999999,438.1099999999999
ORD-00114,a5e9681b-f6ce-44f7-9e6a-9da612ab41b4,2026-01-07 08:55:45,4,3221.16,483.17,9.5,3713.83,USD,Overpaid,4328.29,1.0,credit_card,-614.46,614.46
ORD-00115,e21c1e52-cf67-4fa0-a75a-8609bb893f64,2026-03-19 14:12:57,5,2677.3,401.6,18.67,3097.57,USD,Underpaid,2849.76,1.0,credit_card,247.80999999999995,247.80999999999995
ORD-00116,a53e3700-dcaf-4e00-a7cd-fd05c4b6d342,2026-01-13 19:52:46,1,449.24,67.39,17.35,533.98,EUR,Fully Paid,533.98,1.0,paypal,0.0,0.0
ORD-00117,88b8947c-1ecc-491e-a6a2-48be4da12d5a,2026-02-11 06:03:23,3,1053.02,157.95,10.3,1221.27,USD,Fully Paid,1221.27,1.0,paypal,0.0,0.0
ORD-00118,5b68a853-8383-4472-9e9d-40dfbb9e9ef0,2026-01-12 22:59:24,1,613.4,92.01,9.56,714.97,USD,Overpaid,1382.54,2.0,"credit_card, crypto",-667.5699999999999,667.5699999999999
ORD-00119,60e075f1-7328-4243-bf17-7020ff7966b8,2026-03-21 13:51:04,2,881.4,132.21,11.49,1025.1,USD,No Payment,0.0,0.0,,1025.1,1025.1
ORD-00120,906f07b3-f11b-4da9-9e92-80a15e147f5a,2026-02-23 20:39:32,3,1294.54,194.18,8.64,1497.36,USD,Fully Paid,1497.36,1.0,paypal,0.0,0.0
ORD-00121,b7ae0e47-c745-4669-ac33-b0670d6de0c0,2026-01-26 13:52:18,3,1770.75,265.61,21.33,2057.69,USD,Fully Paid,2057.69,1.0,paypal,0.0,0.0
ORD-00122,914dffdd-25c5-46d1-9223-bd26b81e3aff,2026-03-14 11:11:48,5,2270.51,340.58,0.2,2611.29,EUR,Fully Paid,2611.29,1.0,paypal,0.0,0.0
ORD-00123,8eebb05c-6cfb-4790-9893-581a76530d9c,2026-02-14 02:14:38,5,3501.94,525.29,20.05,4047.28,USD,Fully Paid,4047.28,1.0,credit_card,0.0,0.0
ORD-00124,809b77a9-e8de-4fbc-81e7-0115bd1b38c9,2026-02-12 19:47:14,2,1536.34,230.45,16.16,1782.95,USD,Fully Paid,1782.95,1.0,bank_transfer,0.0,0.0
ORD-00125,f38d3781-8511-423a-83b7-51c7df62016b,2026-01-13 07:54:16,3,1136.43,170.46,18.69,1325.58,USD,Fully Paid,1325.58,2.0,credit_card,0.0,0.0
ORD-00126,7e7d7be4-411f-4597-8f52-1bee0c39e867,2026-01-22 12:13:52,3,2282.06,342.31,6.42,2630.79,EUR,Fully Paid,2630.79,1.0,bank_transfer,0.0,0.0
ORD-00127,15d71840-2c04-4eef-967f-9637749eed4d,2026-01-16 15:46:26,3,1364.39,204.66,18.85,1587.9,USD,Fully Paid,1587.9,1.0,paypal,0.0,0.0
ORD-00128,396a941c-9688-45a1-863d-07931ddfe79d,2026-01-07 13:31:47,5,2190.13,328.52,16.82,2535.47,USD,No Payment,0.0,0.0,,2535.47,2535.47
ORD-00129,bf3c8405-e80d-4159-a07c-0eedf0a0f2fa,2026-01-28 01:52:15,3,393.51,59.03,22.11,474.65,USD,Fully Paid,474.65,1.0,credit_card,0.0,0.0
ORD-00130,0c572699-f98c-422f-bc15-9565da30ffde,2026-01-19 04:59:52,1,639.05,95.86,11.61,746.52,USD,Overpaid,793.44,1.0,crypto,-46.92000000000007,46.92000000000007
ORD-00131,2ca9efb0-fd74-4ccb-b10d-8685550ba68b,2026-02-11 19:56:00,2,101.73,15.26,24.9,141.89,USD,Fully Paid,141.89,1.0,credit_card,0.0,0.0
ORD-00132,2fc20c14-ace1-40a3-ab28-3169a00ab97d,2026-03-18 06:22:47,2,772.06,115.81,23.73,911.6,USD,No Payment,0.0,0.0,,911.6,911.6
ORD-00133,d6ce647c-bc1f-4618-a6a9-a86b08d45dd1,2026-03-06 04:08:09,2,1544.9299999999998,231.74,20.84,1797.51,USD,No Payment,0.0,0.0,,1797.51,1797.51
ORD-00134,695e7742-c4a2-44d2-9adb-51cb4c67bb54,2026-01-21 01:00:20,1,693.38,104.01,5.43,802.82,USD,Fully Paid,802.82,1.0,credit_card,0.0,0.0
ORD-00135,ba3ba624-44b3-42de-ab05-5a9c00d75429,2026-03-28 20:49:29,1,981.12,147.17,9.18,1137.47,EUR,Fully Paid,1137.47,3.0,"credit_card, bank_transfer",0.0,0.0
ORD-00136,438c0459-0871-4538-a16c-c321aedef7c4,2026-01-13 11:40:43,4,3027.11,454.07,2.29,3483.47,USD,Fully Paid,3483.47,1.0,credit_card,0.0,0.0
ORD-00137,4beffbb2-5c29-4d17-b32b-97079a3b61c7,2026-01-26 19:12:32,1,788.93,118.34,6.09,913.36,USD,Overpaid,1484.25,2.0,"bank_transfer, paypal",-570.89,570.89
ORD-00138,d6baceb5-f6fd-4d0e-bb30-9d15daa6cda5,2026-03-01 01:54:14,5,1801.23,270.18,22.51,2093.92,USD,Fully Paid,2093.92,1.0,paypal,0.0,0.0
ORD-00139,ede9beb2-c5d3-4018-8659-e8b9403b5ebf,2026-02-09 20:18:54,2,1345.34,201.8,2.75,1549.89,EUR,Overpaid,1615.71,1.0,bank_transfer,-65.81999999999994,65.81999999999994
ORD-00140,914dffdd-25c5-46d1-9223-bd26b81e3aff,2026-03-22 14:00:36,2,618.58,92.79,6.63,718.0,USD,Fully Paid,718.0,1.0,credit_card,0.0,0.0
ORD-00141,2ca9efb0-fd74-4ccb-b10d-8685550ba68b,2026-02-26 01:01:42,1,481.48,72.22,19.45,573.15,USD,Underpaid,403.88,1.0,credit_card,169.26999999999998,169.26999999999998
ORD-00142,d1fcf094-5078-415c-a769-4baf080403bb,2026-02-25 05:03:12,2,998.89,149.83,19.58,1168.3,EUR,Fully Paid,1168.3,1.0,paypal,0.0,0.0
ORD-00143,05a46dfe-be03-4949-98a5-5c7cb7b193ee,2026-03-12 18:01:38,1,70.22,10.53,11.97,92.72,USD,Fully Paid,92.72,2.0,paypal,0.0,0.0
ORD-00144,3d28f496-fcd3-4dad-976c-c298823fae46,2026-01-16 03:31:42,4,859.98,129.0,6.88,995.86,USD,Fully Paid,995.86,1.0,paypal,0.0,0.0
ORD-00145,4736fb26-6346-48d5-9430-a66df12044b1,2026-03-25 12:22:39,4,2598.48,389.77,2.48,2990.73,USD,Fully Paid,2990.73,3.0,"credit_card, paypal",0.0,0.0
ORD-00146,bddd14b8-3cde-4f8a-a825-5c3dae7d9076,2026-01-13 18:15:05,2,1324.98,198.75,10.35,1534.08,EUR,Fully Paid,1534.08,2.0,"paypal, credit_card",0.0,0.0
ORD-00147,874d4cfd-6507-4a1c-b465-012d770d526e,2026-01-26 20:33:13,3,1481.52,222.23,3.82,1707.57,EUR,Fully Paid,1707.57,1.0,paypal,0.0,0.0
ORD-00148,c68f7484-9302-41c6-a449-a1a1b8b0b4fc,2026-01-31 15:12:39,1,437.56,65.63,18.61,521.8,USD,Fully Paid,521.8,1.0,paypal,0.0,0.0
ORD-00149,438c0459-0871-4538-a16c-c321aedef7c4,2026-02-23 01:48:22,5,3488.01,523.2,23.53,4034.74,USD,No Payment,0.0,0.0,,4034.74,4034.74
ORD-00150,8461d346-5875-4263-9e8a-d76878811453,2026-02-11 10:58:03,3,1544.6799999999998,231.7,5.32,1781.7,USD,Fully Paid,1781.7,2.0,credit_card,0.0,0.0
ORD-00151,00e42e79-14cd-4a5c-b82a-efde7f5003f6,2026-02-27 10:52:56,3,1985.79,297.87,14.35,2298.01,EUR,Fully Paid,2298.01,1.0,credit_card,0.0,0.0
ORD-00152,a5e9681b-f6ce-44f7-9e6a-9da612ab41b4,2026-01-17 23:01:26,5,3210.09,481.51,0.72,3692.32,USD,Fully Paid,3692.32,1.0,credit_card,0.0,0.0
ORD-00153,64bf5824-81e3-483f-bf32-728238028789,2026-01-29 09:54:21,3,1457.86,218.68,10.02,1686.56,USD,Fully Paid,1686.56,1.0,credit_card,0.0,0.0
ORD-00154,89f86a74-7fde-4dd8-ac33-92c3dfd46327,2026-03-30 02:15:37,1,748.65,112.3,5.38,866.33,USD,Fully Paid,866.33,1.0,credit_card,0.0,0.0
ORD-00155,c6753307-2b56-49b3-be62-bdeb85e82bd5,2026-04-01 19:56:47,3,2075.37,311.31,2.12,2388.8,USD,Fully Paid,2388.8,1.0,paypal,0.0,0.0
ORD-00156,41cd2d53-0f79-4736-87ed-07eed564097a,2026-01-25 09:38:46,1,677.23,101.58,6.8,785.61,USD,Overpaid,855.24,1.0,credit_card,-69.63,69.63
ORD-00157,1f7541c0-8fa1-4ff7-9896-9b0dde78279c,2026-03-25 00:38:43,4,1596.12,239.42,7.08,1842.62,USD,Underpaid,921.31,1.0,bank_transfer,921.31,921.31
ORD-00158,55d15283-343b-42e6-b4e1-be4dbfff7ca1,2026-02-26 20:59:58,1,228.31,34.25,24.61,287.17,USD,Fully Paid,287.17,1.0,paypal,0.0,0.0
ORD-00159,1846d479-5d34-484a-b3ba-815f9ac12e07,2026-01-07 00:41:49,2,1063.07,159.46,3.0,1225.53,USD,Fully Paid,1225.53,1.0,bank_transfer,0.0,0.0
ORD-00160,1c7c9de3-1287-48e7-9bee-e8cec06acff2,2026-03-03 14:19:51,4,2009.58,301.44,8.85,2319.87,USD,Fully Paid,2319.87,3.0,"bank_transfer, credit_card, paypal",0.0,0.0
ORD-00161,51409795-b50e-40fa-bbee-34aeae4cbc2d,2026-01-09 13:53:59,1,465.16,69.77,1.95,536.88,USD,Fully Paid,536.88,1.0,credit_card,0.0,0.0
ORD-00162,677ad0be-c5cd-4527-a66e-f99710c8dfdd,2026-02-23 23:42:30,4,1854.29,278.14,23.69,2156.12,USD,Fully Paid,2156.12,1.0,credit_card,0.0,0.0
ORD-00163,ba3ba624-44b3-42de-ab05-5a9c00d75429,2026-03-18 09:36:23,1,442.34,66.35,2.65,511.34,USD,Overpaid,924.5799999999999,2.0,"credit_card, bank_transfer",-413.23999999999995,413.23999999999995
ORD-00164,a4e5dfb7-fb5d-4a06-a4dd-2a50a915a8fb,2026-03-03 10:37:15,4,2630.86,394.63,1.91,3027.4,USD,Fully Paid,3027.4,3.0,"credit_card, paypal",0.0,0.0
ORD-00165,44ad8d95-50cb-49d1-aeec-294e4634aaee,2026-04-03 07:16:47,3,1965.22,294.78,3.69,2263.69,USD,Fully Paid,2263.69,1.0,credit_card,0.0,0.0
ORD-00166,5b68a853-8383-4472-9e9d-40dfbb9e9ef0,2026-02-25 08:28:12,5,2590.95,388.64,11.6,2991.19,USD,Fully Paid,2991.19,1.0,credit_card,0.0,0.0
ORD-00167,3e45ae30-f6ef-4826-b5fa-188cdd2a17a2,2026-02-25 02:24:00,5,2543.82,381.57,15.78,2941.17,USD,Fully Paid,2941.17,3.0,"credit_card, paypal",0.0,0.0
ORD-00168,bdb7460d-5c43-4a7d-924c-405a402378af,2026-02-02 03:06:09,5,1267.07,190.06,16.12,1473.25,EUR,Fully Paid,1473.25,1.0,credit_card,0.0,0.0
ORD-00169,389df2db-4383-4529-b913-c435e9b97d55,2026-01-27 00:19:21,5,2722.0,408.3,22.73,3153.03,USD,Fully Paid,3153.0299999999997,3.0,credit_card,4.547473508864641e-13,4.547473508864641e-13
ORD-00170,da48e822-e195-406f-a645-ccc4f03e19ba,2026-02-27 16:23:21,4,2733.38,410.01,20.93,3164.32,EUR,Underpaid,1396.88,1.0,bank_transfer,1767.44,1767.44
ORD-00171,ad807b4e-53db-4ad9-b9f7-6ee167725b6f,2026-01-10 04:17:52,2,759.3,113.89,24.77,897.96,USD,Overpaid,931.97,1.0,credit_card,-34.00999999999999,34.00999999999999
ORD-00172,655340a7-2026-4bd7-807b-06247b019177,2026-02-26 11:08:26,3,2089.02,313.35,16.97,2419.34,USD,No Payment,0.0,0.0,,2419.34,2419.34
ORD-00173,3f6dd4e2-7e60-49d6-9ce4-e95e7d8b98e5,2026-01-07 12:00:23,1,336.39,50.46,13.95,400.8,USD,Fully Paid,400.8,2.0,"paypal, credit_card",0.0,0.0
ORD-00174,da48e822-e195-406f-a645-ccc4f03e19ba,2026-01-27 16:10:57,2,926.94,139.04,3.54,1069.52,USD,No Payment,0.0,0.0,,1069.52,1069.52
ORD-00175,22c61ee0-a63b-4fd7-b716-ae638e3408e6,2026-03-23 00:41:08,2,1537.71,230.66,7.74,1776.11,USD,No Payment,0.0,0.0,,1776.11,1776.11
ORD-00176,661c46b2-9e04-4295-8cf2-de63eeee7569,2026-02-02 11:31:21,5,1633.5,245.02,23.78,1902.3,USD,Underpaid,1166.75,2.0,"credit_card, bank_transfer",735.55,735.55
ORD-00177,44ad8d95-50cb-49d1-aeec-294e4634aaee,2026-02-08 12:45:12,2,1163.38,174.51,7.39,1345.28,USD,Fully Paid,1345.28,1.0,paypal,0.0,0.0
ORD-00178,7e7d7be4-411f-4597-8f52-1bee0c39e867,2026-03-09 03:29:17,5,1682.1,252.31,4.06,1938.47,EUR,Fully Paid,1938.47,1.0,credit_card,0.0,0.0
ORD-00179,ab76031b-68b7-4bdd-a199-9d12a156efb2,2026-03-12 16:48:04,4,2116.2,317.43,15.26,2448.89,USD,Fully Paid,2448.89,1.0,credit_card,0.0,0.0
ORD-00180,1303d8b4-a905-47b3-8c76-41c1f262e122,2026-01-12 12:36:35,5,3106.26,465.94,16.96,3589.16,USD,Fully Paid,3589.16,1.0,paypal,0.0,0.0
ORD-00181,c1a00f7d-0863-4f71-b68e-db7750dd0ee3,2026-03-18 11:44:19,4,1310.49,196.57,15.12,1522.18,EUR,No Payment,0.0,0.0,,1522.18,1522.18
ORD-00182,41a6dfa0-803c-4377-b6a4-0fc4201d92ee,2026-01-26 04:25:43,3,1517.99,227.7,21.28,1766.97,USD,Fully Paid,1766.97,1.0,paypal,0.0,0.0
ORD-00183,d4b9d1f1-b7bf-4cd1-b98a-babca25b1caa,2026-01-08 01:21:33,4,2452.1800000000003,367.83,5.55,2825.56,USD,Fully Paid,2825.56,3.0,"credit_card, bank_transfer",0.0,0.0
ORD-00184,196a29a4-301f-4889-92af-c6145eb5d7c8,2026-04-05 21:13:09,4,1807.71,271.16,9.37,2088.24,USD,Fully Paid,2088.24,1.0,paypal,0.0,0.0
ORD-00185,3f6dd4e2-7e60-49d6-9ce4-e95e7d8b98e5,2026-01-11 12:50:08,2,440.23,66.03,20.74,527.0,USD,Underpaid,338.76,1.0,bank_transfer,188.24,188.24
ORD-00186,b294b581-be0f-49c2-92c0-b835503a837b,2026-03-09 09:18:05,4,1778.3,266.75,3.74,2048.79,EUR,Fully Paid,2048.79,1.0,credit_card,0.0,0.0
ORD-00187,b7ae0e47-c745-4669-ac33-b0670d6de0c0,2026-02-24 14:54:24,1,778.41,116.76,5.94,901.11,USD,Overpaid,1384.85,2.0,"credit_card, crypto",-483.7399999999999,483.7399999999999
ORD-00188,bf3c8405-e80d-4159-a07c-0eedf0a0f2fa,2026-03-14 02:19:44,5,2115.43,317.31,12.88,2445.62,USD,No Payment,0.0,0.0,,2445.62,2445.62
ORD-00189,efd681f7-0b78-4975-a2bc-bf2ae6bba340,2026-02-05 11:24:42,1,618.66,92.8,6.01,717.47,USD,Fully Paid,717.47,1.0,credit_card,0.0,0.0
ORD-00190,c68f7484-9302-41c6-a449-a1a1b8b0b4fc,2026-01-21 16:20:57,5,3083.41,462.51,13.85,3559.77,USD,Fully Paid,3559.77,1.0,paypal,0.0,0.0
ORD-00191,a53e3700-dcaf-4e00-a7cd-fd05c4b6d342,2026-03-13 22:48:07,4,2059.05,308.86,8.62,2376.53,USD,No Payment,0.0,0.0,,2376.53,2376.53
ORD-00192,f38d3781-8511-423a-83b7-51c7df62016b,2026-01-13 22:50:51,3,846.02,126.9,16.07,988.99,EUR,Overpaid,1842.12,2.0,"credit_card, bank_transfer",-853.1299999999999,853.1299999999999
ORD-00193,31a1e3de-fcdf-4e75-b3bc-92bf5c74ab90,2026-01-17 23:58:37,2,885.85,132.88,19.4,1038.13,USD,Overpaid,1805.35,2.0,"paypal, credit_card",-767.2199999999998,767.2199999999998
ORD-00194,24b19358-8f81-4e62-800f-e4d18f79d24b,2026-01-18 07:16:13,2,1209.37,181.41,7.75,1398.53,USD,Fully Paid,1398.53,1.0,paypal,0.0,0.0
ORD-00195,2b786206-a81b-4f1e-b76a-29d5f60f8f17,2026-01-15 01:28:25,3,989.93,148.49,21.55,1159.97,USD,Fully Paid,1159.97,1.0,paypal,0.0,0.0
ORD-00196,d4b9d1f1-b7bf-4cd1-b98a-babca25b1caa,2026-02-09 06:36:07,1,801.35,120.2,10.92,932.47,USD,Fully Paid,932.47,1.0,crypto,0.0,0.0
ORD-00197,98993c87-be5e-4e4e-a4b7-aa76676b0ba1,2026-03-13 08:21:46,3,1977.78,296.67,23.11,2297.56,USD,Fully Paid,2297.56,1.0,credit_card,0.0,0.0
ORD-00198,b7ae0e47-c745-4669-ac33-b0670d6de0c0,2026-01-06 17:08:55,1,436.3,65.44,24.88,526.62,USD,Underpaid,322.99,2.0,credit_card,203.63,203.63
ORD-00199,eba11ed0-9a24-4448-a46a-da1c0ff9c71d,2026-03-01 07:14:00,1,334.64,50.2,7.39,392.23,USD,No Payment,0.0,0.0,,392.23,392.23
ORD-00200,ab76031b-68b7-4bdd-a199-9d12a156efb2,2026-03-27 12:54:34,4,1640.33,246.05,24.95,1911.33,USD,No Payment,0.0,0.0,,1911.33,1911.33
ORD-00201,88b8947c-1ecc-491e-a6a2-48be4da12d5a,2026-03-30 07:40:05,1,674.47,101.17,10.16,785.8,USD,No Payment,0.0,0.0,,785.8,785.8
ORD-00202,a2fec15b-478f-4d2c-a157-93a6aa70e803,2026-01-16 21:59:53,1,151.35,22.7,15.19,189.24,USD,Overpaid,291.47,2.0,"credit_card, crypto",-102.23000000000002,102.23000000000002
ORD-00203,d6baceb5-f6fd-4d0e-bb30-9d15daa6cda5,2026-03-18 21:52:40,2,1153.4,173.01,9.57,1335.98,USD,Fully Paid,1335.98,1.0,bank_transfer,0.0,0.0
ORD-00204,b6fa1f68-2a3c-4fef-8386-e425564ad761,2026-02-15 16:04:01,3,1721.92,258.29,13.24,1993.45,USD,Fully Paid,1993.45,2.0,"paypal, credit_card",0.0,0.0
ORD-00205,0eafeb30-3bb2-49c2-8623-d87be72f1f42,2026-03-12 04:32:33,1,35.65,5.35,4.65,45.65,USD,No Payment,0.0,0.0,,45.65,45.65
ORD-00206,4da58ad7-816f-4d46-888d-4dc9a351d3a7,2026-03-31 13:34:13,3,1706.63,255.99,15.3,1977.92,USD,No Payment,0.0,0.0,,1977.92,1977.92
ORD-00207,baed7201-989d-411a-8c95-c79619725606,2026-03-05 12:43:10,1,144.37,21.66,1.85,167.88,USD,Overpaid,264.32,2.0,paypal,-96.44,96.44
ORD-00208,ddb82008-207d-46b8-8ca3-af17bbdd50dd,2026-02-07 07:58:28,3,1938.11,290.72,7.26,2236.09,USD,Overpaid,3370.2,2.0,credit_card,-1134.1099999999997,1134.1099999999997
ORD-00209,bf3c8405-e80d-4159-a07c-0eedf0a0f2fa,2026-03-23 19:12:51,2,1309.4299999999998,196.41,3.03,1508.87,USD,Fully Paid,1508.87,2.0,credit_card,0.0,0.0
ORD-00210,cba645e1-ea2d-4dd5-9963-a2615cbfce95,2026-02-22 06:22:40,1,367.29,55.09,14.31,436.69,USD,No Payment,0.0,0.0,,436.69,436.69
ORD-00211,1c7c9de3-1287-48e7-9bee-e8cec06acff2,2026-04-03 02:38:55,5,2568.31,385.25,10.27,2963.83,USD,Fully Paid,2963.83,1.0,credit_card,0.0,0.0
ORD-00212,661c46b2-9e04-4295-8cf2-de63eeee7569,2026-03-18 10:20:13,3,1784.6999999999998,267.7,8.61,2061.01,EUR,Underpaid,1374.01,2.0,"credit_card, paypal",687.0000000000002,687.0000000000002
ORD-00213,bf3c8405-e80d-4159-a07c-0eedf0a0f2fa,2026-02-10 12:07:20,5,2571.5,385.72,3.1,2960.32,USD,Fully Paid,2960.32,1.0,credit_card,0.0,0.0
ORD-00214,fd63d3cd-f6f6-4e19-8bfa-e6bd9ae73c33,2026-01-16 09:50:55,2,1294.06,194.11,22.37,1510.54,EUR,Fully Paid,1510.54,3.0,"credit_card, paypal",0.0,0.0
ORD-00215,a53e3700-dcaf-4e00-a7cd-fd05c4b6d342,2026-04-03 09:26:40,5,2275.83,341.37,14.8,2632.0,USD,Fully Paid,2632.0,1.0,credit_card,0.0,0.0
ORD-00216,a5e9681b-f6ce-44f7-9e6a-9da612ab41b4,2026-03-30 10:16:53,5,2275.26,341.29,23.71,2640.26,USD,Underpaid,2429.04,1.0,credit_card,211.22000000000025,211.22000000000025
ORD-00217,bbc7b328-fd12-467f-870a-dc10ab5db281,2026-03-05 23:50:56,5,2495.74,374.36,23.92,2894.02,USD,Fully Paid,2894.02,2.0,"paypal, credit_card",0.0,0.0
ORD-00218,677ad0be-c5cd-4527-a66e-f99710c8dfdd,2026-03-31 03:44:15,3,1317.24,197.59,10.39,1525.22,USD,Fully Paid,1525.22,2.0,credit_card,0.0,0.0
ORD-00219,df310b87-5cce-46cb-a152-0e315a3214fb,2026-01-31 09:41:06,3,2177.13,326.57,8.63,2512.33,USD,Fully Paid,2512.33,1.0,credit_card,0.0,0.0
ORD-00220,6ad0bb93-6f9f-4d84-bc67-3cafe9107f30,2026-01-29 15:25:50,5,1100.31,165.05,1.27,1266.63,EUR,Overpaid,1380.63,1.0,credit_card,-114.0,114.0
ORD-00221,145036a5-31fe-4f01-9d9b-d96ca2b6a4ac,2026-03-29 12:42:49,2,1866.35,279.95,20.34,2166.64,EUR,No Payment,0.0,0.0,,2166.64,2166.64
ORD-00222,e43eb628-e80c-4cfa-aef6-be2db8278e28,2026-01-06 00:16:42,2,1022.86,153.43,12.47,1188.76,USD,Fully Paid,1188.76,1.0,credit_card,0.0,0.0
ORD-00223,22c61ee0-a63b-4fd7-b716-ae638e3408e6,2026-02-21 15:11:21,5,1645.2,246.78,14.94,1906.92,EUR,No Payment,0.0,0.0,,1906.92,1906.92
ORD-00224,c5939592-b5a1-455a-8b02-116ed2e9a38f,2026-02-19 20:50:04,5,921.07,138.16,10.08,1069.31,USD,Overpaid,1845.87,2.0,"credit_card, paypal",-776.56,776.56
ORD-00225,465a7a42-0e96-4cbb-ad56-60ad1ac76e77,2026-04-04 04:14:56,2,664.62,99.69,9.66,773.97,USD,Fully Paid,773.97,1.0,credit_card,0.0,0.0
ORD-00226,a5e9681b-f6ce-44f7-9e6a-9da612ab41b4,2026-01-27 01:29:17,5,2645.55,396.83,23.47,3065.85,USD,Fully Paid,3065.8500000000004,3.0,"paypal, credit_card",-4.547473508864641e-13,4.547473508864641e-13
ORD-00227,2051de53-66b2-4066-8477-d2d8de118b98,2026-02-20 16:32:15,4,1045.31,156.8,11.84,1213.95,USD,Overpaid,2244.63,2.0,"credit_card, paypal",-1030.68,1030.68
ORD-00228,6ad0bb93-6f9f-4d84-bc67-3cafe9107f30,2026-02-12 11:15:09,2,951.63,142.74,4.06,1098.43,EUR,No Payment,0.0,0.0,,1098.43,1098.43
ORD-00229,689394ba-1004-4c81-bc65-2473d37de10a,2026-02-18 17:59:59,5,2728.48,409.27,20.39,3158.14,USD,Fully Paid,3158.14,2.0,"crypto, paypal",0.0,0.0
ORD-00230,eea3a477-0b62-4cfd-aae5-8c0593b0244a,2026-02-16 17:57:28,5,3321.67,498.25,6.64,3826.56,USD,No Payment,0.0,0.0,,3826.56,3826.56
ORD-00231,f38d3781-8511-423a-83b7-51c7df62016b,2026-01-13 10:19:03,5,2034.71,305.21,19.37,2359.29,USD,Fully Paid,2359.29,1.0,credit_card,0.0,0.0
ORD-00232,11c16420-a538-4744-a93a-53c3c4dc1637,2026-01-10 10:42:31,1,576.84,86.53,17.51,680.88,USD,Fully Paid,680.88,1.0,credit_card,0.0,0.0
ORD-00233,145036a5-31fe-4f01-9d9b-d96ca2b6a4ac,2026-01-22 12:07:20,2,630.68,94.6,12.55,737.83,USD,Fully Paid,737.83,2.0,"credit_card, bank_transfer",0.0,0.0
ORD-00234,438c0459-0871-4538-a16c-c321aedef7c4,2026-03-10 02:40:45,2,1088.78,163.32,24.95,1277.05,USD,Fully Paid,1277.05,1.0,credit_card,0.0,0.0
ORD-00235,5b68a853-8383-4472-9e9d-40dfbb9e9ef0,2026-02-12 02:03:17,4,2396.91,359.54,18.02,2774.47,USD,Overpaid,3224.98,1.0,paypal,-450.5100000000002,450.5100000000002
ORD-00236,fe5ce48c-13e2-4e98-8094-6d79f4419fe9,2026-01-08 16:57:39,4,1249.52,187.43,24.32,1461.27,USD,Fully Paid,1461.27,1.0,credit_card,0.0,0.0
ORD-00237,bbc7b328-fd12-467f-870a-dc10ab5db281,2026-01-06 04:36:15,4,2411.0,361.65,6.84,2779.49,USD,Fully Paid,2779.49,1.0,credit_card,0.0,0.0
ORD-00238,385fdf81-fab6-4573-ac7c-b6f1dcb4e1d4,2026-02-05 21:56:07,4,2879.37,431.91,7.19,3318.47,USD,Fully Paid,3318.47,1.0,paypal,0.0,0.0
ORD-00239,1f7541c0-8fa1-4ff7-9896-9b0dde78279c,2026-01-20 20:15:49,3,1801.39,270.21,6.78,2078.38,USD,Fully Paid,2078.38,1.0,credit_card,0.0,0.0
ORD-00240,00e42e79-14cd-4a5c-b82a-efde7f5003f6,2026-02-24 13:02:45,5,2190.17,328.53,5.82,2524.52,USD,Fully Paid,2524.52,1.0,bank_transfer,0.0,0.0
ORD-00241,b294b581-be0f-49c2-92c0-b835503a837b,2026-02-04 06:54:56,1,684.38,102.66,3.44,790.48,EUR,No Payment,0.0,0.0,,790.48,790.48
ORD-00242,a2fec15b-478f-4d2c-a157-93a6aa70e803,2026-02-23 10:16:55,4,2673.17,400.98,18.9,3093.05,USD,Fully Paid,3093.05,1.0,paypal,0.0,0.0
ORD-00243,438c0459-0871-4538-a16c-c321aedef7c4,2026-01-30 03:44:49,1,655.78,98.37,5.81,759.96,USD,Fully Paid,759.96,1.0,credit_card,0.0,0.0
ORD-00244,785de690-57e6-4823-a128-3068a2634c45,2026-02-25 00:52:34,2,1262.94,189.44,23.35,1475.73,USD,Underpaid,1357.67,1.0,credit_card,118.05999999999995,118.05999999999995
ORD-00245,cba645e1-ea2d-4dd5-9963-a2615cbfce95,2026-01-21 12:23:17,2,1899.75,284.96,23.15,2207.86,EUR,Fully Paid,2207.86,1.0,credit_card,0.0,0.0
ORD-00246,ceef8550-9848-48eb-90a8-159882c2f80c,2026-01-26 10:09:06,5,2928.19,439.23,12.35,3379.77,EUR,Fully Paid,3379.77,1.0,credit_card,0.0,0.0
ORD-00247,906f07b3-f11b-4da9-9e92-80a15e147f5a,2026-02-02 12:30:02,3,493.27,73.99,11.47,578.73,USD,Underpaid,532.43,1.0,paypal,46.30000000000007,46.30000000000007
ORD-00248,64bf5824-81e3-483f-bf32-728238028789,2026-03-09 09:21:50,3,1515.5500000000002,227.33,21.4,1764.28,EUR,Fully Paid,1764.28,1.0,credit_card,0.0,0.0
ORD-00249,6ad0bb93-6f9f-4d84-bc67-3cafe9107f30,2026-01-22 08:38:16,3,961.36,144.2,3.52,1109.08,USD,Underpaid,1020.35,1.0,credit_card,88.7299999999999,88.7299999999999
ORD-00250,c2fc22cb-9420-4c94-9ad8-1c5dbbdbf819,2026-01-13 11:32:50,4,2262.81,339.42,18.07,2620.3,USD,Fully Paid,2620.3,1.0,credit_card,0.0,0.0
ORD-00251,9df0917f-3a40-4c1e-a3fd-f8c98f6467e2,2026-03-11 12:55:27,1,671.11,100.67,11.63,783.41,USD,Fully Paid,783.41,1.0,credit_card,0.0,0.0
ORD-00252,c579325b-eccc-4f5c-9526-3d910788a6f7,2026-01-20 03:07:44,1,642.32,96.35,23.52,762.19,USD,Fully Paid,762.19,1.0,bank_transfer,0.0,0.0
ORD-00253,bb9ed87f-d38e-4e49-918d-7397ee47ea54,2026-02-16 07:32:00,4,1943.28,291.49,13.73,2248.5,USD,Overpaid,2597.68,1.0,credit_card,-349.17999999999984,349.17999999999984
ORD-00254,6e828cfe-18ea-4a5a-96cc-4aaccb8440a0,2026-01-21 19:19:56,2,1283.4,192.51,19.68,1495.59,USD,Fully Paid,1495.59,1.0,credit_card,0.0,0.0
ORD-00255,ba3ba624-44b3-42de-ab05-5a9c00d75429,2026-02-12 01:51:29,1,918.07,137.71,2.81,1058.59,EUR,Fully Paid,1058.59,1.0,credit_card,0.0,0.0
ORD-00256,baed7201-989d-411a-8c95-c79619725606,2026-02-25 12:31:02,5,2701.03,405.15,17.92,3124.1,USD,Overpaid,5371.52,2.0,paypal,-2247.4200000000005,2247.4200000000005
ORD-00257,3d4f2ac2-19c6-46a0-8d3e-23c0da653a49,2026-03-24 15:25:06,1,458.9,68.83,12.83,540.56,USD,Fully Paid,540.56,1.0,credit_card,0.0,0.0
ORD-00258,77952054-f4c5-4db7-b9c8-c58d4a407499,2026-01-23 23:51:35,3,1946.33,291.95,18.65,2256.93,USD,Fully Paid,2256.93,1.0,credit_card,0.0,0.0
ORD-00259,c51e7d4e-c1f4-41a4-a8a2-2f54b45570a6,2026-03-09 03:11:32,1,545.75,81.86,1.51,629.12,EUR,No Payment,0.0,0.0,,629.12,629.12
ORD-00260,b294b581-be0f-49c2-92c0-b835503a837b,2026-02-24 07:21:09,1,294.22,44.13,4.5,342.85,USD,Fully Paid,342.85,2.0,credit_card,0.0,0.0
ORD-00261,ad807b4e-53db-4ad9-b9f7-6ee167725b6f,2026-01-27 13:37:28,4,2645.13,396.77,9.44,3051.34,USD,No Payment,0.0,0.0,,3051.34,3051.34
ORD-00262,7e7d7be4-411f-4597-8f52-1bee0c39e867,2026-03-21 09:06:31,2,1011.29,151.69,4.46,1167.44,USD,Fully Paid,1167.44,1.0,credit_card,0.0,0.0
ORD-00263,5030c9cc-5f8f-4df7-8a7d-0015365fed2c,2026-01-06 10:50:24,1,758.62,113.79,24.46,896.87,USD,Overpaid,1611.31,2.0,"credit_card, crypto",-714.4399999999999,714.4399999999999
ORD-00264,b7ae0e47-c745-4669-ac33-b0670d6de0c0,2026-03-12 08:48:18,5,1449.04,217.36,21.88,1688.28,USD,Underpaid,784.14,1.0,bank_transfer,904.14,904.14
ORD-00265,145036a5-31fe-4f01-9d9b-d96ca2b6a4ac,2026-02-05 08:46:17,5,2002.71,300.41,0.84,2303.96,USD,Underpaid,2119.64,1.0,bank_transfer,184.32000000000016,184.32000000000016
ORD-00266,8eebb05c-6cfb-4790-9893-581a76530d9c,2026-03-18 09:22:11,2,1151.38,172.71,5.86,1329.95,USD,Underpaid,1223.55,1.0,credit_card,106.40000000000009,106.40000000000009
ORD-00267,88b8947c-1ecc-491e-a6a2-48be4da12d5a,2026-02-04 00:07:09,2,805.23,120.78,20.39,946.4,USD,Underpaid,870.69,1.0,bank_transfer,75.70999999999992,75.70999999999992
ORD-00268,bb5fdeb0-4d79-4834-8da7-7e0a4ed0d891,2026-02-04 17:07:33,3,2107.87,316.18,13.03,2437.08,USD,Fully Paid,2437.08,1.0,credit_card,0.0,0.0
ORD-00269,a7e415ed-3b68-45e5-877b-761e721fb005,2026-02-19 16:37:40,5,3356.7,503.5,24.31,3884.51,EUR,Underpaid,2589.67,2.0,credit_card,1294.8400000000001,1294.8400000000001
ORD-00270,93c9fadb-9520-40e4-a952-671025a3242c,2026-03-13 10:04:11,3,1420.42,213.06,4.6,1638.08,USD,Fully Paid,1638.08,1.0,bank_transfer,0.0,0.0
ORD-00271,5030c9cc-5f8f-4df7-8a7d-0015365fed2c,2026-02-04 07:06:45,3,1480.27,222.04,1.44,1703.75,USD,Overpaid,1939.02,1.0,credit_card,-235.26999999999998,235.26999999999998
ORD-00272,b7b969fe-571c-4718-8e7e-89eb885a6a6e,2026-03-04 05:31:20,2,656.98,98.55,8.26,763.79,USD,Fully Paid,763.79,1.0,credit_card,0.0,0.0
ORD-00273,c6753307-2b56-49b3-be62-bdeb85e82bd5,2026-02-07 10:13:45,1,540.28,81.04,20.74,642.06,USD,Fully Paid,642.06,1.0,credit_card,0.0,0.0
ORD-00274,da48e822-e195-406f-a645-ccc4f03e19ba,2026-01-31 20:44:13,5,2204.26,330.64,5.43,2540.33,USD,No Payment,0.0,0.0,,2540.33,2540.33
ORD-00275,b716514c-99d3-4c53-8485-b970c0c3bad3,2026-01-16 12:31:32,1,219.69,32.95,4.75,257.39,USD,Fully Paid,257.39,1.0,credit_card,0.0,0.0
ORD-00276,31a1e3de-fcdf-4e75-b3bc-92bf5c74ab90,2026-02-09 06:20:56,2,1405.4,210.81,9.92,1626.13,USD,Fully Paid,1626.13,1.0,credit_card,0.0,0.0
ORD-00277,c1a00f7d-0863-4f71-b68e-db7750dd0ee3,2026-03-04 06:12:25,4,1805.21,270.78,22.07,2098.06,USD,Fully Paid,2098.06,1.0,paypal,0.0,0.0
ORD-00278,b294b581-be0f-49c2-92c0-b835503a837b,2026-02-17 09:33:04,3,1711.98,256.8,14.06,1982.84,USD,Fully Paid,1982.84,1.0,credit_card,0.0,0.0
ORD-00279,c2fc22cb-9420-4c94-9ad8-1c5dbbdbf819,2026-03-08 05:48:10,5,2439.62,365.94,9.5,2815.06,EUR,Fully Paid,2815.06,1.0,credit_card,0.0,0.0
ORD-00280,64bf5824-81e3-483f-bf32-728238028789,2026-02-14 21:28:10,3,1985.78,297.87,18.49,2302.14,USD,Fully Paid,2302.14,1.0,credit_card,0.0,0.0
ORD-00281,bdb7460d-5c43-4a7d-924c-405a402378af,2026-02-26 22:32:31,2,699.6400000000001,104.95,4.6,809.19,EUR,No Payment,0.0,0.0,,809.19,809.19
ORD-00282,438c0459-0871-4538-a16c-c321aedef7c4,2026-03-01 15:32:20,5,3275.69,491.35,10.31,3777.35,EUR,Fully Paid,3777.35,1.0,paypal,0.0,0.0
ORD-00283,fc1bb964-4bc0-486d-90df-4842f77797c3,2026-03-31 00:37:52,1,226.53,33.98,11.4,271.91,USD,No Payment,0.0,0.0,,271.91,271.91
ORD-00284,625f64d1-8564-4e92-bb51-1217073e2c12,2026-01-13 16:01:30,4,1642.38,246.36,0.42,1889.16,USD,Overpaid,2031.78,1.0,credit_card,-142.6199999999999,142.6199999999999
ORD-00285,c5939592-b5a1-455a-8b02-116ed2e9a38f,2026-03-29 14:06:33,1,507.19,76.08,17.45,600.72,USD,No Payment,0.0,0.0,,600.72,600.72
ORD-00286,94eac905-3674-4b1c-a704-76ff48a9311e,2026-02-18 00:21:43,1,918.87,137.83,13.11,1069.81,USD,Fully Paid,1069.81,1.0,credit_card,0.0,0.0
ORD-00287,809b77a9-e8de-4fbc-81e7-0115bd1b38c9,2026-02-01 16:42:50,3,1056.9,158.53,10.15,1225.58,USD,No Payment,0.0,0.0,,1225.58,1225.58
ORD-00288,5030c9cc-5f8f-4df7-8a7d-0015365fed2c,2026-03-08 05:06:14,3,2193.79,329.07,21.46,2544.32,USD,Fully Paid,2544.32,1.0,credit_card,0.0,0.0
ORD-00289,385fdf81-fab6-4573-ac7c-b6f1dcb4e1d4,2026-01-19 22:12:21,4,821.75,123.26,12.5,957.51,USD,Fully Paid,957.51,1.0,paypal,0.0,0.0
ORD-00290,3e45ae30-f6ef-4826-b5fa-188cdd2a17a2,2026-02-24 22:30:58,1,895.84,134.38,22.98,1053.2,USD,No Payment,0.0,0.0,,1053.2,1053.2
ORD-00291,ceef8550-9848-48eb-90a8-159882c2f80c,2026-01-15 18:02:41,4,2178.45,326.77,13.58,2518.8,USD,Fully Paid,2518.8,1.0,credit_card,0.0,0.0
ORD-00292,f762aa0b-c1ea-48c9-851a-1df88a47de32,2026-03-17 23:06:34,1,961.85,144.28,14.68,1120.81,USD,Fully Paid,1120.81,1.0,credit_card,0.0,0.0
ORD-00293,396a941c-9688-45a1-863d-07931ddfe79d,2026-02-03 10:13:18,1,306.28,45.94,14.1,366.32,USD,Fully Paid,366.32,1.0,credit_card,0.0,0.0
ORD-00294,7e7d7be4-411f-4597-8f52-1bee0c39e867,2026-03-03 19:03:05,3,1924.95,288.74,17.23,2230.92,USD,Fully Paid,2230.92,2.0,"credit_card, bank_transfer",0.0,0.0
ORD-00295,c51e7d4e-c1f4-41a4-a8a2-2f54b45570a6,2026-01-15 04:14:45,1,106.71,16.01,5.8,128.52,USD,Fully Paid,128.52,1.0,paypal,0.0,0.0
ORD-00296,625f64d1-8564-4e92-bb51-1217073e2c12,2026-03-29 21:53:45,5,2491.14,373.67,12.27,2877.08,USD,No Payment,0.0,0.0,,2877.08,2877.08
ORD-00297,7ec0773c-55ef-4b30-822a-c95911fe619d,2026-03-04 14:54:12,2,1346.97,202.05,2.14,1551.16,USD,Fully Paid,1551.16,1.0,paypal,0.0,0.0
ORD-00298,6878a177-92ad-4fec-8771-e73d82e7c22c,2026-01-25 20:46:12,1,275.29,41.29,9.5,326.08,USD,Fully Paid,326.08,1.0,credit_card,0.0,0.0
ORD-00299,0476a4fe-315e-4cd0-a8eb-8e22030a634b,2026-02-08 09:20:06,3,1411.23,211.68,11.12,1634.03,USD,Underpaid,1368.82,1.0,bank_transfer,265.21000000000004,265.21000000000004
ORD-00300,ddb82008-207d-46b8-8ca3-af17bbdd50dd,2026-03-31 06:57:19,2,998.09,149.71,12.81,1160.61,USD,Underpaid,370.17,1.0,paypal,790.4399999999998,790.4399999999998
ORD-00301,bddd14b8-3cde-4f8a-a825-5c3dae7d9076,2026-03-06 13:08:16,1,600.96,90.14,19.61,710.71,EUR,No Payment,0.0,0.0,,710.71,710.71
ORD-00302,cc7a3503-41b4-4a15-8734-1f3d6a04ef26,2026-02-01 03:32:26,4,3065.7200000000003,459.86,6.07,3531.65,USD,Fully Paid,3531.65,1.0,bank_transfer,0.0,0.0
ORD-00303,0bf08a87-b1b7-4e27-bc81-79ca4151fa2c,2026-02-15 18:16:03,2,551.95,82.79,3.65,638.39,USD,Fully Paid,638.39,1.0,credit_card,0.0,0.0
ORD-00304,689394ba-1004-4c81-bc65-2473d37de10a,2026-04-01 07:09:14,4,2820.82,423.12,12.4,3256.34,USD,Fully Paid,3256.34,1.0,paypal,0.0,0.0
ORD-00305,bb9ed87f-d38e-4e49-918d-7397ee47ea54,2026-01-24 11:42:32,3,1261.64,189.25,9.5,1460.39,EUR,Fully Paid,1460.39,2.0,credit_card,0.0,0.0
ORD-00306,7ec0773c-55ef-4b30-822a-c95911fe619d,2026-02-10 10:03:45,5,1949.91,292.49,24.11,2266.51,EUR,Fully Paid,2266.51,1.0,credit_card,0.0,0.0
ORD-00307,a53e3700-dcaf-4e00-a7cd-fd05c4b6d342,2026-02-02 16:08:26,4,2372.37,355.86,19.65,2747.88,USD,No Payment,0.0,0.0,,2747.88,2747.88
ORD-00308,baed7201-989d-411a-8c95-c79619725606,2026-03-09 07:11:22,5,2721.9500000000003,408.29,23.57,3153.81,USD,No Payment,0.0,0.0,,3153.81,3153.81
ORD-00309,d6baceb5-f6fd-4d0e-bb30-9d15daa6cda5,2026-02-02 02:10:15,4,1393.99,209.1,3.85,1606.94,USD,Fully Paid,1606.94,1.0,credit_card,0.0,0.0
ORD-00310,3d4f2ac2-19c6-46a0-8d3e-23c0da653a49,2026-01-17 01:43:57,5,3018.77,452.82,13.59,3485.18,USD,No Payment,0.0,0.0,,3485.18,3485.18
ORD-00311,2fc20c14-ace1-40a3-ab28-3169a00ab97d,2026-03-26 06:26:32,5,2529.68,379.45,16.17,2925.3,USD,No Payment,0.0,0.0,,2925.3,2925.3
ORD-00312,ad807b4e-53db-4ad9-b9f7-6ee167725b6f,2026-02-28 15:36:27,4,2218.58,332.79,2.47,2553.84,USD,Fully Paid,2553.84,1.0,credit_card,0.0,0.0
ORD-00313,a7e415ed-3b68-45e5-877b-761e721fb005,2026-03-21 19:08:34,5,2451.18,367.68,17.26,2836.12,USD,No Payment,0.0,0.0,,2836.12,2836.12
ORD-00314,41a6dfa0-803c-4377-b6a4-0fc4201d92ee,2026-03-13 13:53:08,1,302.48,45.37,23.01,370.86,USD,Fully Paid,370.86,1.0,paypal,0.0,0.0
ORD-00315,df310b87-5cce-46cb-a152-0e315a3214fb,2026-03-13 14:25:30,3,994.35,149.15,12.07,1155.57,USD,Fully Paid,1155.57,1.0,credit_card,0.0,0.0
ORD-00316,b6fa1f68-2a3c-4fef-8386-e425564ad761,2026-03-01 01:06:00,3,844.41,126.66,0.56,971.63,USD,Fully Paid,971.63,1.0,credit_card,0.0,0.0
ORD-00317,ab76031b-68b7-4bdd-a199-9d12a156efb2,2026-03-06 09:24:30,2,1077.22,161.58,8.27,1247.07,USD,No Payment,0.0,0.0,,1247.07,1247.07
ORD-00318,677ad0be-c5cd-4527-a66e-f99710c8dfdd,2026-01-17 11:04:13,2,855.25,128.29,9.89,993.43,USD,Fully Paid,993.43,1.0,credit_card,0.0,0.0
ORD-00319,b6fa1f68-2a3c-4fef-8386-e425564ad761,2026-02-23 02:01:39,5,1664.6,249.69,19.9,1934.19,USD,Fully Paid,1934.19,3.0,"bank_transfer, credit_card, paypal",0.0,0.0
ORD-00320,2fc20c14-ace1-40a3-ab28-3169a00ab97d,2026-03-07 23:28:21,2,577.24,86.59,2.85,666.68,USD,Fully Paid,666.68,1.0,credit_card,0.0,0.0
ORD-00321,bf3c8405-e80d-4159-a07c-0eedf0a0f2fa,2026-01-17 07:09:32,3,1807.33,271.1,8.7,2087.13,EUR,No Payment,0.0,0.0,,2087.13,2087.13
ORD-00322,689394ba-1004-4c81-bc65-2473d37de10a,2026-02-27 05:43:36,5,1961.68,294.25,9.33,2265.26,USD,Fully Paid,2265.26,1.0,credit_card,0.0,0.0
ORD-00323,389df2db-4383-4529-b913-c435e9b97d55,2026-01-18 06:32:02,2,1007.87,151.18,12.17,1171.22,USD,No Payment,0.0,0.0,,1171.22,1171.22
ORD-00324,5b68a853-8383-4472-9e9d-40dfbb9e9ef0,2026-03-11 07:01:22,5,2133.17,319.98,21.64,2474.79,EUR,Underpaid,1237.39,1.0,credit_card,1237.3999999999999,1237.3999999999999
ORD-00325,44ad8d95-50cb-49d1-aeec-294e4634aaee,2026-03-19 05:35:16,4,2662.44,399.37,10.39,3072.2,EUR,No Payment,0.0,0.0,,3072.2,3072.2
ORD-00326,c68f7484-9302-41c6-a449-a1a1b8b0b4fc,2026-02-15 22:51:15,5,1927.5,289.12,4.21,2220.83,USD,Fully Paid,2220.83,1.0,bank_transfer,0.0,0.0
ORD-00327,cba645e1-ea2d-4dd5-9963-a2615cbfce95,2026-04-03 23:40:20,5,2906.56,435.98,13.55,3356.09,USD,Fully Paid,3356.09,2.0,"bank_transfer, credit_card",0.0,0.0
ORD-00328,ae7900e0-9b25-4d78-bc39-f32a0584ff91,2026-01-12 22:22:10,5,2308.08,346.21,21.87,2676.16,USD,Fully Paid,2676.16,1.0,crypto,0.0,0.0
ORD-00329,ddb82008-207d-46b8-8ca3-af17bbdd50dd,2026-02-06 02:16:38,4,2024.4,303.66,18.44,2346.5,USD,Fully Paid,2346.5,2.0,credit_card,0.0,0.0
ORD-00330,fe5ce48c-13e2-4e98-8094-6d79f4419fe9,2026-03-26 19:46:45,4,751.58,112.74,1.48,865.8,USD,Fully Paid,865.8,1.0,paypal,0.0,0.0
ORD-00331,2fc20c14-ace1-40a3-ab28-3169a00ab97d,2026-03-07 10:04:15,2,1037.43,155.61,7.23,1200.27,USD,Fully Paid,1200.27,1.0,paypal,0.0,0.0
ORD-00332,874d4cfd-6507-4a1c-b465-012d770d526e,2026-02-24 11:20:50,2,1750.97,262.65,22.97,2036.59,EUR,Fully Paid,2036.59,1.0,paypal,0.0,0.0
ORD-00333,661c46b2-9e04-4295-8cf2-de63eeee7569,2026-01-06 20:45:08,2,971.46,145.72,20.71,1137.89,USD,Overpaid,2183.03,2.0,"credit_card, paypal",-1045.14,1045.14
ORD-00334,3d28f496-fcd3-4dad-976c-c298823fae46,2026-02-13 14:02:26,2,857.68,128.65,10.36,996.69,USD,Overpaid,1093.81,1.0,credit_card,-97.11999999999989,97.11999999999989
ORD-00335,41dbf980-21b1-44f8-a656-219252218f29,2026-04-03 04:41:01,4,2118.25,317.74,23.76,2459.75,USD,Fully Paid,2459.75,1.0,credit_card,0.0,0.0
ORD-00336,41dbf980-21b1-44f8-a656-219252218f29,2026-03-08 10:11:14,4,2988.1400000000003,448.22,9.94,3446.3,EUR,Fully Paid,3446.3,3.0,credit_card,0.0,0.0
ORD-00337,cba645e1-ea2d-4dd5-9963-a2615cbfce95,2026-03-02 16:06:20,3,1172.24,175.84,3.26,1351.34,EUR,Fully Paid,1351.34,1.0,paypal,0.0,0.0
ORD-00338,8eebb05c-6cfb-4790-9893-581a76530d9c,2026-01-23 04:36:40,1,108.58,16.29,19.6,144.47,USD,Fully Paid,144.47,1.0,paypal,0.0,0.0
ORD-00339,a2fec15b-478f-4d2c-a157-93a6aa70e803,2026-02-14 21:08:49,4,2883.13,432.47,22.74,3338.34,EUR,Fully Paid,3338.34,3.0,"paypal, credit_card",0.0,0.0
ORD-00340,b54583a1-6828-4363-ac11-086f39c3573b,2026-02-14 17:10:21,1,658.04,98.71,6.26,763.01,USD,No Payment,0.0,0.0,,763.01,763.01
ORD-00341,ab76031b-68b7-4bdd-a199-9d12a156efb2,2026-03-28 15:05:24,1,402.38,60.36,7.64,470.38,USD,Fully Paid,470.38,1.0,credit_card,0.0,0.0
ORD-00342,41dbf980-21b1-44f8-a656-219252218f29,2026-01-23 06:51:33,1,11.08,1.66,11.92,24.66,USD,Overpaid,47.010000000000005,2.0,"credit_card, bank_transfer",-22.350000000000005,22.350000000000005
ORD-00343,1f7541c0-8fa1-4ff7-9896-9b0dde78279c,2026-04-05 07:20:19,1,17.98,2.7,8.59,29.27,USD,Fully Paid,29.27,1.0,credit_card,0.0,0.0
ORD-00344,1c7c9de3-1287-48e7-9bee-e8cec06acff2,2026-01-18 22:29:58,4,1314.22,197.13,7.83,1519.18,EUR,Fully Paid,1519.18,1.0,crypto,0.0,0.0
ORD-00345,bb9ed87f-d38e-4e49-918d-7397ee47ea54,2026-01-26 08:42:03,2,645.39,96.81,15.26,757.46,USD,Fully Paid,757.46,1.0,credit_card,0.0,0.0
ORD-00346,1846d479-5d34-484a-b3ba-815f9ac12e07,2026-01-28 17:52:10,2,1540.62,231.09,11.06,1782.77,USD,Fully Paid,1782.77,1.0,credit_card,0.0,0.0
ORD-00347,94b380a3-8c63-45f6-bff2-67ae36bfe16d,2026-01-15 06:07:15,1,593.68,89.05,9.6,692.33,EUR,Fully Paid,692.33,2.0,"credit_card, bank_transfer",0.0,0.0
ORD-00348,94b380a3-8c63-45f6-bff2-67ae36bfe16d,2026-03-25 11:01:27,2,377.61,56.64,13.83,448.08,USD,Fully Paid,448.08,1.0,credit_card,0.0,0.0
ORD-00349,196a29a4-301f-4889-92af-c6145eb5d7c8,2026-02-17 05:41:42,3,1021.01,153.15,9.79,1183.95,USD,Fully Paid,1183.95,1.0,bank_transfer,0.0,0.0
ORD-00350,1ae54582-7d0a-4fab-9690-913db82e1de3,2026-03-25 02:17:22,4,1362.7,204.41,22.22,1589.33,USD,Underpaid,974.79,2.0,"paypal, credit_card",614.54,614.54
ORD-00351,e7b3525d-2e33-4263-b0cd-4e32541a4f1c,2026-04-04 14:05:38,2,1233.5500000000002,185.03,10.52,1429.1,USD,Fully Paid,1429.1,1.0,credit_card,0.0,0.0
ORD-00352,b294b581-be0f-49c2-92c0-b835503a837b,2026-02-24 21:50:55,1,26.52,3.98,1.69,32.19,USD,No Payment,0.0,0.0,,32.19,32.19
ORD-00353,438c0459-0871-4538-a16c-c321aedef7c4,2026-03-19 18:29:55,4,2071.14,310.67,17.55,2399.36,USD,No Payment,0.0,0.0,,2399.36,2399.36
ORD-00354,625f64d1-8564-4e92-bb51-1217073e2c12,2026-01-24 03:09:57,2,601.5,90.22,12.78,704.5,USD,Fully Paid,704.5,1.0,bank_transfer,0.0,0.0
ORD-00355,2fc20c14-ace1-40a3-ab28-3169a00ab97d,2026-03-28 16:19:57,3,1870.95,280.64,17.03,2168.62,USD,Fully Paid,2168.62,1.0,paypal,0.0,0.0
ORD-00356,1ae54582-7d0a-4fab-9690-913db82e1de3,2026-03-14 13:01:21,1,252.03,37.8,23.12,312.95,USD,Underpaid,287.91,1.0,credit_card,25.039999999999964,25.039999999999964
ORD-00357,88b8947c-1ecc-491e-a6a2-48be4da12d5a,2026-03-31 00:48:36,3,1514.78,227.22,0.32,1742.32,USD,Underpaid,993.8,1.0,credit_card,748.52,748.52
ORD-00358,da4c3d17-4030-4e20-88c8-36e601220db5,2026-01-20 14:40:08,3,2036.5,305.47,4.17,2346.14,USD,Fully Paid,2346.14,1.0,credit_card,0.0,0.0
ORD-00359,171ae4ab-341e-45bf-97de-fe3cf8a2eed2,2026-03-25 15:03:00,1,773.72,116.06,0.73,890.51,EUR,Fully Paid,890.51,1.0,paypal,0.0,0.0
ORD-00360,dea3164e-968f-4dcf-b019-15c48e65ec2c,2026-01-11 08:32:04,3,1382.39,207.36,11.38,1601.13,USD,Underpaid,1473.04,1.0,crypto,128.09000000000015,128.09000000000015
ORD-00361,ceef8550-9848-48eb-90a8-159882c2f80c,2026-01-17 23:16:11,2,636.5699999999999,95.49,2.57,734.63,USD,Fully Paid,734.63,2.0,"credit_card, bank_transfer",0.0,0.0
ORD-00362,a01dbcbd-4b72-4ce3-8f35-5497ae956e0a,2026-02-02 17:21:55,5,1320.67,198.1,23.01,1541.78,USD,No Payment,0.0,0.0,,1541.78,1541.78
ORD-00363,785de690-57e6-4823-a128-3068a2634c45,2026-03-31 12:45:58,5,2669.16,400.37,22.9,3092.43,USD,Fully Paid,3092.43,1.0,credit_card,0.0,0.0
ORD-00364,c822919d-ed62-4905-b89b-3ba7ebefa99e,2026-02-13 15:34:26,3,866.95,130.04,5.58,1002.57,USD,Fully Paid,1002.57,1.0,credit_card,0.0,0.0
ORD-00365,fc3f076c-f66e-41ae-9068-05382a2a877f,2026-01-28 20:38:55,1,878.22,131.73,21.65,1031.6,USD,Fully Paid,1031.6,1.0,credit_card,0.0,0.0
ORD-00366,ddb82008-207d-46b8-8ca3-af17bbdd50dd,2026-02-10 21:11:14,5,2664.93,399.74,6.06,3070.73,USD,No Payment,0.0,0.0,,3070.73,3070.73
ORD-00367,96a1eaf9-2935-44a8-bad7-3c887c674842,2026-02-24 09:09:14,5,1688.48,253.27,8.66,1950.41,EUR,Overpaid,2125.95,1.0,bank_transfer,-175.53999999999974,175.53999999999974
ORD-00368,3f6dd4e2-7e60-49d6-9ce4-e95e7d8b98e5,2026-02-06 21:23:14,1,761.34,114.2,9.41,884.95,USD,Fully Paid,884.95,1.0,bank_transfer,0.0,0.0
ORD-00369,df6d4e61-7b8e-460d-8bbe-975bd1f685f5,2026-02-21 22:27:45,5,3494.25,524.14,7.0,4025.39,USD,Fully Paid,4025.39,1.0,paypal,0.0,0.0
ORD-00370,6c74ee4b-343b-405e-a7b0-caa2c174783e,2026-03-02 07:27:48,4,2151.47,322.72,2.39,2476.58,USD,Fully Paid,2476.58,1.0,paypal,0.0,0.0
ORD-00371,99aa1be7-51d0-4272-942e-d9d0eadc5edb,2026-04-02 20:44:24,5,2490.13,373.52,7.88,2871.53,EUR,Fully Paid,2871.53,1.0,crypto,0.0,0.0
ORD-00372,4736fb26-6346-48d5-9430-a66df12044b1,2026-01-06 19:42:55,3,1643.63,246.54,3.4,1893.57,USD,Underpaid,1247.22,1.0,bank_transfer,646.3499999999999,646.3499999999999
ORD-00373,00e42e79-14cd-4a5c-b82a-efde7f5003f6,2026-03-12 12:36:43,2,775.96,116.39,3.02,895.37,USD,Fully Paid,895.37,1.0,credit_card,0.0,0.0
ORD-00374,b6fa1f68-2a3c-4fef-8386-e425564ad761,2026-02-04 19:00:32,3,1422.19,213.33,20.19,1655.71,USD,Fully Paid,1655.71,1.0,credit_card,0.0,0.0
ORD-00375,da48e822-e195-406f-a645-ccc4f03e19ba,2026-03-22 05:59:38,1,222.87,33.43,21.41,277.71,USD,Fully Paid,277.71,1.0,credit_card,0.0,0.0
ORD-00376,914dffdd-25c5-46d1-9223-bd26b81e3aff,2026-01-17 10:14:34,4,2457.08,368.56,0.78,2826.42,USD,Fully Paid,2826.42,2.0,"credit_card, paypal",0.0,0.0
ORD-00377,3a450645-a8e3-4c6d-9b10-2eb249c7432d,2026-01-29 14:25:16,2,214.67,32.2,19.85,266.72,USD,Underpaid,234.06,1.0,credit_card,32.660000000000025,32.660000000000025
ORD-00378,0c572699-f98c-422f-bc15-9565da30ffde,2026-01-08 10:30:10,2,612.73,91.91,17.16,721.8,EUR,Fully Paid,721.8,1.0,paypal,0.0,0.0
ORD-00379,d6ce647c-bc1f-4618-a6a9-a86b08d45dd1,2026-02-23 08:00:25,3,1999.68,299.95,4.94,2304.57,USD,Fully Paid,2304.57,1.0,bank_transfer,0.0,0.0
ORD-00380,41dbf980-21b1-44f8-a656-219252218f29,2026-02-02 05:23:53,3,1134.29,170.14,23.1,1327.53,USD,Fully Paid,1327.53,1.0,credit_card,0.0,0.0
ORD-00381,da4c3d17-4030-4e20-88c8-36e601220db5,2026-03-19 02:32:12,1,388.9,58.33,10.67,457.9,USD,No Payment,0.0,0.0,,457.9,457.9
ORD-00382,b54583a1-6828-4363-ac11-086f39c3573b,2026-02-20 16:05:29,3,1226.67,184.0,15.42,1426.09,USD,Fully Paid,1426.09,1.0,paypal,0.0,0.0
ORD-00383,3a450645-a8e3-4c6d-9b10-2eb249c7432d,2026-01-29 06:30:40,4,710.6700000000001,106.6,22.12,839.39,USD,Overpaid,1287.44,2.0,credit_card,-448.05000000000007,448.05000000000007
ORD-00384,286281f4-9230-408b-b5b5-7ea752ad6bc8,2026-03-11 10:02:00,1,989.51,148.43,19.55,1157.49,USD,Fully Paid,1157.49,1.0,paypal,0.0,0.0
ORD-00385,e21c1e52-cf67-4fa0-a75a-8609bb893f64,2026-02-19 12:16:49,3,1815.42,272.31,4.5,2092.23,USD,Fully Paid,2092.23,1.0,paypal,0.0,0.0
ORD-00386,695e7742-c4a2-44d2-9adb-51cb4c67bb54,2026-04-04 17:02:22,1,810.57,121.59,11.79,943.95,USD,Fully Paid,943.95,1.0,paypal,0.0,0.0
ORD-00387,1303d8b4-a905-47b3-8c76-41c1f262e122,2026-01-12 21:39:10,2,769.43,115.41,6.66,891.5,EUR,No Payment,0.0,0.0,,891.5,891.5
ORD-00388,88b8947c-1ecc-491e-a6a2-48be4da12d5a,2026-02-11 17:16:20,2,1562.7800000000002,234.42,9.71,1806.91,EUR,No Payment,0.0,0.0,,1806.91,1806.91
ORD-00389,5b68a853-8383-4472-9e9d-40dfbb9e9ef0,2026-01-06 06:33:46,2,569.01,85.35,18.45,672.81,USD,Fully Paid,672.81,1.0,credit_card,0.0,0.0
ORD-00390,bdb7460d-5c43-4a7d-924c-405a402378af,2026-01-23 06:35:21,5,3202.74,480.41,12.31,3695.46,USD,Fully Paid,3695.46,1.0,paypal,0.0,0.0
ORD-00391,41dbf980-21b1-44f8-a656-219252218f29,2026-01-18 16:27:08,1,240.3,36.05,5.47,281.82,USD,Underpaid,182.28,1.0,credit_card,99.53999999999999,99.53999999999999
ORD-00392,625f64d1-8564-4e92-bb51-1217073e2c12,2026-04-01 14:55:17,2,1155.73,173.36,4.44,1333.53,EUR,No Payment,0.0,0.0,,1333.53,1333.53
ORD-00393,438c0459-0871-4538-a16c-c321aedef7c4,2026-02-09 18:22:33,1,156.23,23.43,17.62,197.28,USD,Fully Paid,197.28,1.0,credit_card,0.0,0.0
ORD-00394,93c9fadb-9520-40e4-a952-671025a3242c,2026-02-06 19:51:28,3,2283.3,342.5,9.89,2635.69,USD,Overpaid,4021.9,2.0,"bank_transfer, paypal",-1386.21,1386.21
ORD-00395,bb9ed87f-d38e-4e49-918d-7397ee47ea54,2026-01-22 19:29:36,2,1177.53,176.63,15.98,1370.14,USD,Fully Paid,1370.14,1.0,credit_card,0.0,0.0
ORD-00396,465a7a42-0e96-4cbb-ad56-60ad1ac76e77,2026-01-16 11:40:35,5,2110.53,316.58,17.21,2444.32,USD,Underpaid,1523.2,1.0,paypal,921.1200000000001,921.1200000000001
ORD-00397,c822919d-ed62-4905-b89b-3ba7ebefa99e,2026-02-26 21:47:45,4,2387.44,358.12,7.96,2753.52,EUR,No Payment,0.0,0.0,,2753.52,2753.52
ORD-00398,bf3c8405-e80d-4159-a07c-0eedf0a0f2fa,2026-02-24 20:42:53,5,1392.52,208.88,7.99,1609.39,USD,No Payment,0.0,0.0,,1609.39,1609.39
ORD-00399,bf3c8405-e80d-4159-a07c-0eedf0a0f2fa,2026-02-23 00:25:21,3,981.77,147.27,1.69,1130.73,USD,Underpaid,1040.27,1.0,credit_card,90.46000000000004,90.46000000000004
ORD-00400,a6dff5b1-644f-4924-9907-4990cae23012,2026-01-23 00:43:55,1,392.08,58.81,18.31,469.2,EUR,Overpaid,511.43,1.0,credit_card,-42.23000000000002,42.23000000000002
ORD-00401,cba645e1-ea2d-4dd5-9963-a2615cbfce95,2026-03-30 10:51:09,4,2360.67,354.1,14.45,2729.22,USD,No Payment,0.0,0.0,,2729.22,2729.22
ORD-00402,b6fa1f68-2a3c-4fef-8386-e425564ad761,2026-01-28 04:01:54,1,801.2,120.18,0.84,922.22,USD,No Payment,0.0,0.0,,922.22,922.22
ORD-00403,eba11ed0-9a24-4448-a46a-da1c0ff9c71d,2026-02-08 11:00:24,1,348.39,52.26,22.2,422.85,USD,Overpaid,482.66,1.0,paypal,-59.81,59.81
ORD-00404,41dbf980-21b1-44f8-a656-219252218f29,2026-02-20 02:37:53,3,1703.51,255.53,0.77,1959.81,EUR,Overpaid,2044.03,1.0,credit_card,-84.22000000000003,84.22000000000003
ORD-00405,51409795-b50e-40fa-bbee-34aeae4cbc2d,2026-03-03 02:40:47,2,400.8,60.12,24.36,485.28,USD,Overpaid,889.88,2.0,"credit_card, bank_transfer",-404.6,404.6
ORD-00406,7e7d7be4-411f-4597-8f52-1bee0c39e867,2026-02-14 02:12:20,3,1073.38,161.01,9.82,1244.21,USD,Fully Paid,1244.21,1.0,credit_card,0.0,0.0
ORD-00407,8461d346-5875-4263-9e8a-d76878811453,2026-01-20 10:12:26,3,936.19,140.43,15.63,1092.25,USD,Underpaid,981.83,1.0,paypal,110.41999999999996,110.41999999999996
ORD-00408,df6d4e61-7b8e-460d-8bbe-975bd1f685f5,2026-04-04 19:16:30,2,1619.1,242.86,11.84,1873.8,USD,Fully Paid,1873.8,1.0,credit_card,0.0,0.0
ORD-00409,b294b581-be0f-49c2-92c0-b835503a837b,2026-03-12 17:01:27,4,2207.38,331.11,9.28,2547.77,USD,Fully Paid,2547.77,1.0,credit_card,0.0,0.0
ORD-00410,24b19358-8f81-4e62-800f-e4d18f79d24b,2026-02-20 11:23:54,3,1554.82,233.22,14.11,1802.15,USD,Fully Paid,1802.15,1.0,bank_transfer,0.0,0.0
ORD-00411,874d4cfd-6507-4a1c-b465-012d770d526e,2026-01-09 12:59:07,1,671.46,100.72,20.2,792.38,USD,No Payment,0.0,0.0,,792.38,792.38
ORD-00412,a01dbcbd-4b72-4ce3-8f35-5497ae956e0a,2026-01-16 18:05:43,5,2647.1400000000003,397.07,23.41,3067.62,USD,Fully Paid,3067.62,1.0,bank_transfer,0.0,0.0
ORD-00413,689394ba-1004-4c81-bc65-2473d37de10a,2026-02-21 15:18:53,1,400.86,60.13,21.35,482.34,USD,Overpaid,810.69,2.0,credit_card,-328.3500000000001,328.3500000000001
ORD-00414,4d0f01d7-153d-429b-b2ad-2a1fdf7da009,2026-03-24 15:33:33,5,2374.6800000000003,356.2,24.61,2755.49,EUR,Fully Paid,2755.49,1.0,credit_card,0.0,0.0
ORD-00415,661c46b2-9e04-4295-8cf2-de63eeee7569,2026-02-25 14:51:01,1,429.14,64.37,24.71,518.22,USD,No Payment,0.0,0.0,,518.22,518.22
ORD-00416,e7f65ef4-1a35-460d-b5d0-a9b4e2e356d2,2026-01-29 13:59:45,2,1101.08,165.16,22.77,1289.01,EUR,Underpaid,524.51,1.0,paypal,764.5,764.5
ORD-00417,0476a4fe-315e-4cd0-a8eb-8e22030a634b,2026-01-26 04:46:25,5,2358.0,353.7,19.66,2731.36,USD,Overpaid,5233.99,2.0,"credit_card, bank_transfer",-2502.6299999999997,2502.6299999999997
ORD-00418,145036a5-31fe-4f01-9d9b-d96ca2b6a4ac,2026-03-22 23:31:02,1,420.3,63.05,3.7,487.05,USD,Fully Paid,487.05,1.0,paypal,0.0,0.0
ORD-00419,2902c6c4-07bb-4e27-bc40-267195ff3774,2026-02-19 13:02:05,1,567.06,85.06,2.52,654.64,USD,Overpaid,999.89,2.0,"paypal, crypto",-345.25,345.25
ORD-00420,c51e7d4e-c1f4-41a4-a8a2-2f54b45570a6,2026-02-10 07:43:40,4,1984.36,297.65,4.3,2286.31,USD,Fully Paid,2286.31,1.0,paypal,0.0,0.0
ORD-00421,fc3f076c-f66e-41ae-9068-05382a2a877f,2026-01-25 07:23:56,1,401.83,60.27,21.97,484.07,USD,Underpaid,242.04,1.0,credit_card,242.03,242.03
ORD-00422,2b786206-a81b-4f1e-b76a-29d5f60f8f17,2026-01-09 06:19:17,3,1747.3,262.09,7.58,2016.97,USD,Fully Paid,2016.97,1.0,credit_card,0.0,0.0
ORD-00423,2902c6c4-07bb-4e27-bc40-267195ff3774,2026-02-23 19:36:27,2,1117.52,167.63,11.08,1296.23,EUR,Fully Paid,1296.23,1.0,paypal,0.0,0.0
ORD-00424,eea3a477-0b62-4cfd-aae5-8c0593b0244a,2026-02-21 03:44:54,5,2633.71,395.06,18.99,3047.76,EUR,Fully Paid,3047.76,1.0,crypto,0.0,0.0
ORD-00425,6ad0bb93-6f9f-4d84-bc67-3cafe9107f30,2026-03-05 13:14:58,2,787.4300000000001,118.11,10.08,915.62,USD,Underpaid,842.37,1.0,paypal,73.25,73.25
ORD-00426,ceef8550-9848-48eb-90a8-159882c2f80c,2026-03-26 13:19:10,1,182.0,27.3,21.88,231.18,USD,Underpaid,97.81,1.0,crypto,133.37,133.37
ORD-00427,84aea9a5-cf07-44cc-98ec-7cc43a596913,2026-01-27 03:05:43,4,1008.61,151.29,11.61,1171.51,USD,No Payment,0.0,0.0,,1171.51,1171.51
ORD-00428,89f86a74-7fde-4dd8-ac33-92c3dfd46327,2026-01-22 10:45:37,2,976.84,146.53,4.44,1127.81,EUR,No Payment,0.0,0.0,,1127.81,1127.81
ORD-00429,3eb2e4db-07a6-45f6-b7c1-887f4cabd887,2026-03-23 11:24:39,3,1818.9,272.83,17.22,2108.95,USD,Fully Paid,2108.95,1.0,paypal,0.0,0.0
ORD-00430,50fceb14-6562-4056-aa09-23eb766fd228,2026-02-17 08:14:02,5,1680.87,252.13,16.29,1949.29,USD,No Payment,0.0,0.0,,1949.29,1949.29
ORD-00431,901d735b-acec-4517-987c-b9618119b19f,2026-04-02 02:44:09,4,2186.81,328.02,6.31,2521.14,EUR,Overpaid,2717.79,1.0,credit_card,-196.6500000000001,196.6500000000001
ORD-00432,f57eaca3-01dc-4601-9043-f0e1c09ace93,2026-02-03 00:27:56,3,1167.5,175.12,6.3,1348.92,USD,Overpaid,1370.02,1.0,credit_card,-21.09999999999991,21.09999999999991
ORD-00433,a5e9681b-f6ce-44f7-9e6a-9da612ab41b4,2026-02-17 02:25:12,4,2572.17,385.83,20.98,2978.98,USD,Fully Paid,2978.98,2.0,"paypal, bank_transfer",0.0,0.0
ORD-00434,c1a00f7d-0863-4f71-b68e-db7750dd0ee3,2026-02-10 19:46:25,3,1517.41,227.61,6.91,1751.93,USD,Fully Paid,1751.93,1.0,bank_transfer,0.0,0.0
ORD-00435,689394ba-1004-4c81-bc65-2473d37de10a,2026-02-20 19:22:19,2,926.25,138.94,22.49,1087.68,EUR,Fully Paid,1087.68,1.0,credit_card,0.0,0.0
ORD-00436,bb5fdeb0-4d79-4834-8da7-7e0a4ed0d891,2026-03-12 22:31:59,4,2730.8,409.62,24.94,3165.36,USD,No Payment,0.0,0.0,,3165.36,3165.36
ORD-00437,0476a4fe-315e-4cd0-a8eb-8e22030a634b,2026-02-13 06:45:39,1,587.19,88.08,24.87,700.14,EUR,Underpaid,466.76,2.0,"paypal, credit_card",233.38,233.38
ORD-00438,0c572699-f98c-422f-bc15-9565da30ffde,2026-03-08 06:53:31,5,2736.27,410.44,4.25,3150.96,USD,Fully Paid,3150.96,1.0,credit_card,0.0,0.0
ORD-00439,15d71840-2c04-4eef-967f-9637749eed4d,2026-02-19 18:03:29,1,476.07,71.41,18.52,566.0,USD,Fully Paid,566.0,1.0,credit_card,0.0,0.0
ORD-00440,958a3388-1442-4265-87bf-3952cc6b71da,2026-02-19 02:35:10,3,1119.01,167.85,21.79,1308.65,USD,Underpaid,1203.96,1.0,credit_card,104.69000000000005,104.69000000000005
ORD-00441,31b6255d-43df-4772-9500-2809af2a5203,2026-02-09 12:05:29,3,1185.43,177.81,1.34,1364.58,USD,Fully Paid,1364.58,1.0,credit_card,0.0,0.0
ORD-00442,41cd2d53-0f79-4736-87ed-07eed564097a,2026-01-16 14:48:35,1,477.5,71.62,4.86,553.98,USD,Fully Paid,553.98,1.0,credit_card,0.0,0.0
ORD-00443,b7b969fe-571c-4718-8e7e-89eb885a6a6e,2026-01-26 03:10:08,3,1450.39,217.56,24.81,1692.76,USD,No Payment,0.0,0.0,,1692.76,1692.76
ORD-00444,05a46dfe-be03-4949-98a5-5c7cb7b193ee,2026-01-19 00:23:22,2,1041.73,156.26,19.47,1217.46,USD,No Payment,0.0,0.0,,1217.46,1217.46
ORD-00445,94eac905-3674-4b1c-a704-76ff48a9311e,2026-01-13 22:09:58,3,933.61,140.04,19.03,1092.68,USD,Fully Paid,1092.68,1.0,bank_transfer,0.0,0.0
ORD-00446,3d28f496-fcd3-4dad-976c-c298823fae46,2026-02-27 10:54:59,1,138.11,20.72,10.84,169.67,USD,Overpaid,294.75,2.0,"bank_transfer, crypto",-125.08000000000001,125.08000000000001
ORD-00447,31a1e3de-fcdf-4e75-b3bc-92bf5c74ab90,2026-03-01 04:26:18,4,2236.98,335.55,22.3,2594.83,USD,Fully Paid,2594.83,1.0,credit_card,0.0,0.0
ORD-00448,a3485801-a5ad-4bd1-a31d-768ab6eaf134,2026-03-21 22:57:45,1,630.42,94.56,6.22,731.2,USD,Overpaid,757.82,1.0,bank_transfer,-26.620000000000005,26.620000000000005
ORD-00449,1c7c9de3-1287-48e7-9bee-e8cec06acff2,2026-01-22 14:24:00,1,389.71,58.46,14.72,462.89,USD,Fully Paid,462.89,1.0,credit_card,0.0,0.0
ORD-00450,689394ba-1004-4c81-bc65-2473d37de10a,2026-02-06 17:40:04,3,1515.34,227.3,10.84,1753.48,USD,Overpaid,1817.37,1.0,credit_card,-63.88999999999987,63.88999999999987
ORD-00451,3d28f496-fcd3-4dad-976c-c298823fae46,2026-01-15 18:01:03,3,1833.67,275.05,20.3,2129.02,USD,Underpaid,1958.7,1.0,credit_card,170.31999999999994,170.31999999999994
ORD-00452,1c7c9de3-1287-48e7-9bee-e8cec06acff2,2026-01-07 16:54:24,2,1330.54,199.58,4.22,1534.34,USD,Fully Paid,1534.34,1.0,paypal,0.0,0.0
ORD-00453,785de690-57e6-4823-a128-3068a2634c45,2026-03-25 09:42:18,4,1738.5,260.77,24.87,2024.14,USD,Overpaid,2120.91,1.0,paypal,-96.76999999999975,96.76999999999975
ORD-00454,4beffbb2-5c29-4d17-b32b-97079a3b61c7,2026-03-19 07:15:38,1,692.85,103.93,10.42,807.2,USD,Fully Paid,807.2,1.0,crypto,0.0,0.0
ORD-00455,2b786206-a81b-4f1e-b76a-29d5f60f8f17,2026-02-17 21:53:33,2,902.32,135.35,0.23,1037.9,USD,Fully Paid,1037.9,1.0,credit_card,0.0,0.0
ORD-00456,6c74ee4b-343b-405e-a7b0-caa2c174783e,2026-03-09 00:13:36,3,1754.93,263.24,22.47,2040.64,USD,Fully Paid,2040.64,1.0,crypto,0.0,0.0
ORD-00457,c1a00f7d-0863-4f71-b68e-db7750dd0ee3,2026-03-12 00:14:13,1,786.91,118.04,12.44,917.39,USD,Fully Paid,917.39,1.0,paypal,0.0,0.0
ORD-00458,6c74ee4b-343b-405e-a7b0-caa2c174783e,2026-01-25 11:07:11,2,780.0,117.0,4.01,901.01,USD,No Payment,0.0,0.0,,901.01,901.01
ORD-00459,41a6dfa0-803c-4377-b6a4-0fc4201d92ee,2026-03-13 10:57:00,3,362.89,54.43,2.76,420.08,USD,Fully Paid,420.08,1.0,credit_card,0.0,0.0
ORD-00460,41dbf980-21b1-44f8-a656-219252218f29,2026-03-23 16:50:59,5,2826.44,423.97,24.43,3274.84,USD,Fully Paid,3274.84,2.0,bank_transfer,0.0,0.0
ORD-00461,5b68a853-8383-4472-9e9d-40dfbb9e9ef0,2026-01-22 00:55:19,1,853.73,128.06,9.01,990.8,USD,Fully Paid,990.8,1.0,credit_card,0.0,0.0
ORD-00462,2ca9efb0-fd74-4ccb-b10d-8685550ba68b,2026-03-17 14:39:16,1,852.73,127.91,22.26,1002.9,USD,Underpaid,922.67,1.0,credit_card,80.23000000000002,80.23000000000002
ORD-00463,ad807b4e-53db-4ad9-b9f7-6ee167725b6f,2026-03-09 22:00:00,2,1230.95,184.64,23.88,1439.47,USD,Fully Paid,1439.47,1.0,credit_card,0.0,0.0
ORD-00464,31b6255d-43df-4772-9500-2809af2a5203,2026-02-17 23:18:19,3,1560.5,234.07,6.8,1801.37,USD,Overpaid,2855.7,2.0,credit_card,-1054.33,1054.33
ORD-00465,145036a5-31fe-4f01-9d9b-d96ca2b6a4ac,2026-01-14 06:05:31,2,821.1400000000001,123.17,1.47,945.78,EUR,Fully Paid,945.78,1.0,paypal,0.0,0.0
ORD-00466,eea3a477-0b62-4cfd-aae5-8c0593b0244a,2026-02-24 19:40:43,5,2901.46,435.22,15.28,3351.96,EUR,No Payment,0.0,0.0,,3351.96,3351.96
ORD-00467,1c7c9de3-1287-48e7-9bee-e8cec06acff2,2026-01-13 11:22:17,4,1515.68,227.35,6.54,1749.57,USD,Fully Paid,1749.57,2.0,"paypal, credit_card",0.0,0.0
ORD-00468,93c9fadb-9520-40e4-a952-671025a3242c,2026-03-21 00:22:12,5,3312.81,496.92,17.21,3826.94,USD,Fully Paid,3826.94,1.0,paypal,0.0,0.0
ORD-00469,0eafeb30-3bb2-49c2-8623-d87be72f1f42,2026-01-26 18:24:57,4,2263.49,339.52,13.96,2616.97,EUR,Underpaid,1069.24,1.0,paypal,1547.7299999999998,1547.7299999999998
ORD-00470,f57eaca3-01dc-4601-9043-f0e1c09ace93,2026-01-25 20:56:07,2,985.11,147.77,12.4,1145.28,USD,Fully Paid,1145.28,3.0,"credit_card, paypal",0.0,0.0
ORD-00471,fd63d3cd-f6f6-4e19-8bfa-e6bd9ae73c33,2026-01-23 07:35:55,2,622.97,93.45,12.67,729.09,USD,Overpaid,1353.38,2.0,"credit_card, paypal",-624.2900000000001,624.2900000000001
ORD-00472,9df0917f-3a40-4c1e-a3fd-f8c98f6467e2,2026-01-25 03:54:53,1,464.5,69.67,20.03,554.2,USD,Fully Paid,554.2,1.0,credit_card,0.0,0.0
ORD-00473,3d4f2ac2-19c6-46a0-8d3e-23c0da653a49,2026-03-27 17:39:44,3,1286.76,193.01,2.57,1482.34,USD,Fully Paid,1482.34,1.0,bank_transfer,0.0,0.0
ORD-00474,a6dff5b1-644f-4924-9907-4990cae23012,2026-02-12 23:36:12,1,793.87,119.08,24.08,937.03,USD,Underpaid,862.07,1.0,credit_card,74.95999999999992,74.95999999999992
ORD-00475,465a7a42-0e96-4cbb-ad56-60ad1ac76e77,2026-03-18 21:14:22,2,1119.6999999999998,167.95,8.52,1296.17,EUR,Fully Paid,1296.17,1.0,credit_card,0.0,0.0
ORD-00476,c6061ad3-247b-48c7-88ee-085c537f3dad,2026-02-02 09:05:59,3,1666.5099999999998,249.98,16.43,1932.92,USD,Underpaid,1491.15,1.0,credit_card,441.77,441.77
ORD-00477,0c572699-f98c-422f-bc15-9565da30ffde,2026-02-05 03:29:02,1,347.94,52.19,20.75,420.88,EUR,Fully Paid,420.88,1.0,credit_card,0.0,0.0
ORD-00478,6c74ee4b-343b-405e-a7b0-caa2c174783e,2026-02-28 15:00:13,3,932.91,139.94,3.51,1076.36,USD,Fully Paid,1076.36,1.0,paypal,0.0,0.0
ORD-00479,00e42e79-14cd-4a5c-b82a-efde7f5003f6,2026-01-09 04:38:04,3,1741.32,261.2,9.82,2012.34,USD,No Payment,0.0,0.0,,2012.34,2012.34
ORD-00480,64bf5824-81e3-483f-bf32-728238028789,2026-03-14 14:48:55,1,759.58,113.94,1.16,874.68,USD,Underpaid,477.47,1.0,paypal,397.2099999999999,397.2099999999999
ORD-00481,d81b1046-a995-41e6-9389-15b477c63557,2026-01-12 22:10:22,4,2529.61,379.44,0.11,2909.16,USD,Overpaid,4778.8099999999995,2.0,"credit_card, crypto",-1869.6499999999996,1869.6499999999996
ORD-00482,7ec0773c-55ef-4b30-822a-c95911fe619d,2026-03-06 23:44:37,5,2691.5,403.72,18.26,3113.48,USD,Fully Paid,3113.48,1.0,credit_card,0.0,0.0
ORD-00483,bb5fdeb0-4d79-4834-8da7-7e0a4ed0d891,2026-01-20 20:01:05,5,3680.22,552.03,19.06,4251.31,USD,No Payment,0.0,0.0,,4251.31,4251.31
ORD-00484,15d71840-2c04-4eef-967f-9637749eed4d,2026-01-21 06:47:04,4,2447.62,367.14,12.81,2827.57,EUR,Fully Paid,2827.57,1.0,credit_card,0.0,0.0
ORD-00485,f762aa0b-c1ea-48c9-851a-1df88a47de32,2026-02-28 07:30:25,5,2122.58,318.39,16.81,2457.78,EUR,Fully Paid,2457.78,1.0,credit_card,0.0,0.0
ORD-00486,94eac905-3674-4b1c-a704-76ff48a9311e,2026-03-17 22:38:54,5,3230.66,484.6,14.57,3729.83,EUR,Fully Paid,3729.83,1.0,credit_card,0.0,0.0
ORD-00487,a0bb6a48-db10-4299-a86c-689e8a0bdc9e,2026-01-17 07:07:41,3,1329.5,199.42,2.66,1531.58,USD,Fully Paid,1531.58,1.0,crypto,0.0,0.0
ORD-00488,88b8947c-1ecc-491e-a6a2-48be4da12d5a,2026-02-02 07:29:24,2,1061.99,159.3,24.59,1245.88,USD,Fully Paid,1245.88,3.0,"paypal, bank_transfer",0.0,0.0
ORD-00489,438c0459-0871-4538-a16c-c321aedef7c4,2026-03-11 19:52:21,3,1122.82,168.42,11.31,1302.55,USD,No Payment,0.0,0.0,,1302.55,1302.55
ORD-00490,465a7a42-0e96-4cbb-ad56-60ad1ac76e77,2026-01-30 06:33:01,2,1310.65,196.6,5.94,1513.19,USD,Fully Paid,1513.19,1.0,bank_transfer,0.0,0.0
ORD-00491,c5939592-b5a1-455a-8b02-116ed2e9a38f,2026-02-07 13:42:24,1,927.22,139.08,9.69,1075.99,EUR,No Payment,0.0,0.0,,1075.99,1075.99
ORD-00492,f762aa0b-c1ea-48c9-851a-1df88a47de32,2026-02-10 05:07:08,5,2752.55,412.88,11.08,3176.51,USD,Fully Paid,3176.5099999999998,3.0,"credit_card, paypal",4.547473508864641e-13,4.547473508864641e-13
ORD-00493,ad807b4e-53db-4ad9-b9f7-6ee167725b6f,2026-03-01 05:00:44,3,1916.06,287.41,19.4,2222.87,EUR,Fully Paid,2222.87,1.0,credit_card,0.0,0.0
ORD-00494,94eac905-3674-4b1c-a704-76ff48a9311e,2026-01-15 00:28:17,1,195.11,29.27,4.34,228.72,USD,Fully Paid,228.72,1.0,credit_card,0.0,0.0
ORD-00495,efd681f7-0b78-4975-a2bc-bf2ae6bba340,2026-02-10 18:54:42,3,1287.95,193.19,6.38,1487.52,USD,Fully Paid,1487.52,1.0,credit_card,0.0,0.0
ORD-00496,82a6b66d-606b-4036-a90b-b9d5b529df00,2026-03-19 08:11:31,1,162.17,24.33,8.07,194.57,USD,Overpaid,205.2,1.0,credit_card,-10.629999999999995,10.629999999999995
ORD-00497,625f64d1-8564-4e92-bb51-1217073e2c12,2026-03-13 03:01:35,3,1437.1,215.56,19.6,1672.26,USD,Fully Paid,1672.26,1.0,crypto,0.0,0.0
ORD-00498,a16ce7ab-3aaa-4299-9094-2e82c6f4ad79,2026-04-04 09:52:53,5,1652.05,247.81,5.53,1905.39,USD,Fully Paid,1905.39,1.0,crypto,0.0,0.0
ORD-00499,ba3ba624-44b3-42de-ab05-5a9c00d75429,2026-02-09 01:59:27,3,1516.58,227.49,24.92,1768.99,EUR,No Payment,0.0,0.0,,1768.99,1768.99
ORD-00500,901d735b-acec-4517-987c-b9618119b19f,2026-01-12 17:44:44,1,672.25,100.84,11.14,784.23,EUR,Overpaid,921.79,1.0,credit_card,-137.55999999999995,137.55999999999995
