order_id,customer_id,order_date,num_items,subtotal,tax,shipping,total_amount,currency,status,total_paid,payment_count,payment_std,payment_methods,difference,payment_rate,payment_class,high_risk
ORD-00001,bf3c8405-e80d-4159-a07c-0eedf0a0f2fa,2026-01-23 22:35:32,1,34.76,5.21,6.88,46.85,USD,completed,46.85,1.0,,paypal,0.0,1.0,Complete,False
ORD-00002,286281f4-9230-408b-b5b5-7ea752ad6bc8,2026-03-14 16:24:51,1,594.59,89.19,0.79,684.57,USD,completed,684.57,1.0,,bank_transfer,0.0,1.0,Complete,False
ORD-00003,da48e822-e195-406f-a645-ccc4f03e19ba,2026-03-28 09:15:52,1,565.63,84.84,17.9,668.37,USD,completed,282.06,1.0,,credit_card,386.31,0.42201175995331924,Partial (<50%),False
ORD-00004,3d4f2ac2-19c6-46a0-8d3e-23c0da653a49,2026-03-02 20:48:31,5,2513.69,377.05,6.95,2897.69,USD,shipped,2445.75,1.0,,credit_card,451.94000000000005,0.844034386010926,Partial (>50%),False
ORD-00005,eba11ed0-9a24-4448-a46a-da1c0ff9c71d,2026-02-15 15:32:37,1,386.13,57.92,8.97,453.02,USD,completed,822.28,2.0,59.23,"bank_transfer, crypto",-369.26,1.8151075007725928,Complete,True
ORD-00006,24b19358-8f81-4e62-800f-e4d18f79d24b,2026-01-16 23:57:21,4,2455.52,368.33,20.74,2844.59,USD,shipped,2400.94,1.0,,paypal,443.6500000000001,0.8440372777799261,Partial (>50%),False
ORD-00007,603332a3-36f2-4dc4-85e7-fb4a7eda285e,2026-02-22 03:35:50,2,762.9,114.43,5.7,883.03,USD,pending,745.31,1.0,,credit_card,137.72000000000003,0.8440370089351438,Partial (>50%),False
ORD-00008,1303d8b4-a905-47b3-8c76-41c1f262e122,2026-01-13 11:43:20,1,386.32,57.95,11.34,455.61,EUR,completed,434.59,1.0,,credit_card,21.02000000000004,0.9538640503939773,Partial (>50%),False
ORD-00009,bdb7460d-5c43-4a7d-924c-405a402378af,2026-04-05 01:51:10,2,1378.27,206.74,17.09,1602.1,USD,completed,1602.1,1.0,,crypto,0.0,1.0,Complete,False
ORD-00010,a0bb6a48-db10-4299-a86c-689e8a0bdc9e,2026-01-24 08:56:49,2,557.4300000000001,83.61,24.74,665.78,USD,completed,665.78,1.0,,bank_transfer,0.0,1.0,Complete,False
ORD-00011,4736fb26-6346-48d5-9430-a66df12044b1,2026-03-12 23:35:49,1,236.76,35.51,0.8,273.07,USD,completed,273.07,1.0,,paypal,0.0,1.0,Complete,False
ORD-00012,1846d479-5d34-484a-b3ba-815f9ac12e07,2026-01-18 00:53:39,5,3175.09,476.26,11.47,3662.82,USD,completed,3091.55,1.0,,credit_card,571.27,0.8440354699384627,Partial (>50%),False
ORD-00013,465a7a42-0e96-4cbb-ad56-60ad1ac76e77,2026-03-02 22:23:03,5,2390.23,358.53,24.94,2773.7,USD,pending,953.56,1.0,,credit_card,1820.1399999999999,0.3437862782564805,Partial (<50%),False
ORD-00014,8eebb05c-6cfb-4790-9893-581a76530d9c,2026-03-24 20:49:34,1,161.31,24.2,4.0,189.51,USD,completed,189.51,1.0,,paypal,0.0,1.0,Complete,False
ORD-00015,98993c87-be5e-4e4e-a4b7-aa76676b0ba1,2026-02-06 10:59:34,4,1889.89,283.48,23.56,2196.93,USD,pending,2196.93,1.0,,paypal,0.0,1.0,Complete,False
ORD-00016,2fc20c14-ace1-40a3-ab28-3169a00ab97d,2026-02-02 22:00:44,3,1418.25,212.74,3.95,1634.94,USD,completed,1634.94,1.0,,credit_card,0.0,1.0,Complete,False
ORD-00017,fd3824dc-6817-4ab5-810c-ba7dcfea6aec,2026-03-05 01:39:15,5,2864.59,429.69,12.69,3306.97,USD,completed,3306.97,1.0,,credit_card,0.0,1.0,Complete,False
ORD-00018,50fceb14-6562-4056-aa09-23eb766fd228,2026-03-19 13:28:30,5,3893.16,583.97,2.8,4479.93,USD,refunded,0.0,0.0,,,4479.93,0.0,Missing,False
ORD-00019,55d15283-343b-42e6-b4e1-be4dbfff7ca1,2026-02-10 04:59:27,2,946.58,141.99,23.67,1112.24,USD,completed,1112.24,1.0,,credit_card,0.0,1.0,Complete,False
ORD-00020,d6baceb5-f6fd-4d0e-bb30-9d15daa6cda5,2026-03-27 19:54:17,5,2212.54,331.88,21.81,2566.23,USD,completed,2566.23,1.0,,credit_card,0.0,1.0,Complete,False
ORD-00021,7e7d7be4-411f-4597-8f52-1bee0c39e867,2026-03-16 02:57:45,2,1120.8200000000002,168.12,16.79,1305.73,USD,shipped,1305.73,1.0,,bank_transfer,0.0,1.0,Complete,False
ORD-00022,b6fa1f68-2a3c-4fef-8386-e425564ad761,2026-04-01 10:13:40,1,255.43,38.31,1.6,295.34,USD,completed,295.34,1.0,,credit_card,0.0,1.0,Complete,False
ORD-00023,d6ce647c-bc1f-4618-a6a9-a86b08d45dd1,2026-04-05 01:00:37,2,727.88,109.18,1.47,838.53,USD,pending,615.97,1.0,,bank_transfer,222.55999999999995,0.7345831395418173,Partial (>50%),False
ORD-00024,b0a95c5f-43b1-4845-a3b1-0385cfbd8537,2026-01-15 03:32:53,1,519.01,77.85,6.96,603.82,USD,completed,603.82,1.0,,credit_card,0.0,1.0,Complete,False
ORD-00025,c822919d-ed62-4905-b89b-3ba7ebefa99e,2026-03-02 05:23:13,5,2378.6,356.79,10.78,2746.17,USD,completed,2746.17,1.0,,credit_card,0.0,1.0,Complete,False
ORD-00026,8461d346-5875-4263-9e8a-d76878811453,2026-01-28 07:36:51,1,70.01,10.5,18.21,98.72,EUR,pending,90.57,2.0,0.0,credit_card,8.150000000000006,0.9174432739059967,Partial (>50%),False
ORD-00027,44ad8d95-50cb-49d1-aeec-294e4634aaee,2026-03-20 16:26:43,2,689.6999999999999,103.45,4.59,797.74,USD,shipped,797.74,1.0,,credit_card,0.0,1.0,Complete,False
ORD-00028,99aa1be7-51d0-4272-942e-d9d0eadc5edb,2026-02-18 09:17:18,4,2429.9,364.49,13.51,2807.9,USD,pending,2859.0,1.0,,credit_card,-51.09999999999991,1.0181986537982122,Complete,False
ORD-00029,9df0917f-3a40-4c1e-a3fd-f8c98f6467e2,2026-03-27 05:50:39,2,898.8900000000001,134.83,21.62,1055.34,EUR,completed,968.2,1.0,,credit_card,87.13999999999987,0.91742945401482,Partial (>50%),False
ORD-00030,a6dff5b1-644f-4924-9907-4990cae23012,2026-03-27 06:15:29,4,1948.02,292.2,23.93,2264.15,EUR,completed,2077.2,1.0,,credit_card,186.95000000000027,0.9174303822626592,Partial (>50%),False
ORD-00031,e21c1e52-cf67-4fa0-a75a-8609bb893f64,2026-02-05 21:02:16,2,423.52,63.53,1.46,488.51,USD,pending,488.51,1.0,,credit_card,0.0,1.0,Complete,False
ORD-00032,f762aa0b-c1ea-48c9-851a-1df88a47de32,2026-02-27 17:59:28,1,59.64,8.95,11.92,80.51,EUR,completed,0.0,0.0,,,80.51,0.0,Missing,False
ORD-00033,88b8947c-1ecc-491e-a6a2-48be4da12d5a,2026-01-30 20:11:28,5,1803.67,270.55,3.0,2077.22,EUR,completed,1905.71,1.0,,credit_card,171.50999999999976,0.9174329151462052,Partial (>50%),False
ORD-00034,389df2db-4383-4529-b913-c435e9b97d55,2026-01-22 20:23:43,1,623.19,93.48,10.48,727.15,USD,completed,842.72,1.0,,bank_transfer,-115.57000000000005,1.1589355703775013,Complete,True
ORD-00035,c2fc22cb-9420-4c94-9ad8-1c5dbbdbf819,2026-01-25 23:23:01,2,994.07,149.11,6.64,1149.82,USD,completed,1366.18,1.0,,credit_card,-216.36000000000013,1.1881685829086293,Complete,True
ORD-00036,05a46dfe-be03-4949-98a5-5c7cb7b193ee,2026-02-21 00:04:16,3,1885.33,282.8,15.53,2183.66,USD,pending,1407.11,1.0,,credit_card,776.55,0.6443814513248399,Partial (>50%),False
ORD-00037,2fc20c14-ace1-40a3-ab28-3169a00ab97d,2026-02-12 23:46:24,2,651.96,97.79,8.73,758.48,USD,completed,758.48,1.0,,bank_transfer,0.0,1.0,Complete,False
ORD-00038,c1a00f7d-0863-4f71-b68e-db7750dd0ee3,2026-01-16 10:11:24,2,991.59,148.74,7.56,1147.89,EUR,shipped,1251.2,1.0,,credit_card,-103.30999999999995,1.0899999128836386,Complete,True
ORD-00039,b7b969fe-571c-4718-8e7e-89eb885a6a6e,2026-01-21 12:33:24,1,671.18,100.68,13.87,785.73,EUR,pending,720.85,1.0,,credit_card,64.88,0.9174271060033344,Partial (>50%),False
ORD-00040,bb9ed87f-d38e-4e49-918d-7397ee47ea54,2026-03-06 05:48:11,3,797.9300000000001,119.69,6.81,924.43,USD,completed,0.0,0.0,,,924.43,0.0,Missing,False
ORD-00041,df6d4e61-7b8e-460d-8bbe-975bd1f685f5,2026-02-07 08:24:09,3,1678.04,251.71,1.27,1931.02,USD,shipped,1931.02,1.0,,paypal,0.0,1.0,Complete,False
ORD-00042,24b19358-8f81-4e62-800f-e4d18f79d24b,2026-03-24 04:04:55,1,340.22,51.03,3.27,394.52,EUR,completed,361.94,1.0,,credit_card,32.579999999999984,0.9174186353036602,Partial (>50%),False
ORD-00043,1f7541c0-8fa1-4ff7-9896-9b0dde78279c,2026-03-20 06:23:46,5,3034.38,455.16,3.73,3493.27,USD,completed,3493.27,1.0,,credit_card,0.0,1.0,Complete,False
ORD-00044,bddd14b8-3cde-4f8a-a825-5c3dae7d9076,2026-01-15 23:57:32,2,486.9,73.03,9.12,569.05,EUR,refunded,0.0,0.0,,,569.05,0.0,Missing,False
ORD-00045,6fe84372-436e-4c32-9cb8-664759674358,2026-03-09 09:58:26,3,586.78,88.02,19.5,694.3,EUR,completed,1226.35,2.0,33.66,"paypal, bank_transfer",-532.05,1.766311392769696,Complete,True
ORD-00046,41cd2d53-0f79-4736-87ed-07eed564097a,2026-02-17 09:19:56,2,1170.88,175.63,4.06,1350.57,USD,completed,1350.57,1.0,,credit_card,0.0,1.0,Complete,False
ORD-00047,cc7a3503-41b4-4a15-8734-1f3d6a04ef26,2026-02-23 02:02:13,1,187.57,28.14,23.11,238.82,USD,completed,238.82,1.0,,credit_card,0.0,1.0,Complete,False
ORD-00048,0eafeb30-3bb2-49c2-8623-d87be72f1f42,2026-02-14 16:59:22,3,1260.6,189.09,0.97,1450.66,USD,completed,1450.66,1.0,,paypal,0.0,1.0,Complete,False
ORD-00049,05a46dfe-be03-4949-98a5-5c7cb7b193ee,2026-03-30 10:03:26,3,1344.85,201.73,0.59,1547.17,USD,completed,773.58,1.0,,crypto,773.59,0.49999676829307704,Partial (<50%),False
ORD-00050,d6baceb5-f6fd-4d0e-bb30-9d15daa6cda5,2026-01-06 00:49:00,3,1554.66,233.2,21.09,1808.95,USD,pending,1808.95,1.0,,paypal,0.0,1.0,Complete,False
ORD-00051,c2fc22cb-9420-4c94-9ad8-1c5dbbdbf819,2026-03-16 22:32:23,2,1568.5,235.27,0.96,1804.73,USD,completed,1804.73,1.0,,paypal,0.0,1.0,Complete,False
ORD-00052,f762aa0b-c1ea-48c9-851a-1df88a47de32,2026-01-28 03:30:50,4,2098.62,314.79,6.37,2419.78,USD,pending,0.0,0.0,,,2419.78,0.0,Missing,False
ORD-00053,2fc20c14-ace1-40a3-ab28-3169a00ab97d,2026-04-05 04:31:45,2,449.85,67.48,16.61,533.94,USD,completed,450.66,1.0,,credit_card,83.28000000000003,0.8440274188111023,Partial (>50%),False
ORD-00054,d81b1046-a995-41e6-9389-15b477c63557,2026-02-13 12:05:16,3,1515.19,227.28,17.43,1759.9,USD,completed,1759.9,1.0,,credit_card,0.0,1.0,Complete,False
ORD-00055,385fdf81-fab6-4573-ac7c-b6f1dcb4e1d4,2026-01-27 13:20:48,2,927.3,139.09,13.7,1080.09,USD,completed,1080.09,2.0,0.01,"crypto, paypal",0.0,1.0,Complete,False
ORD-00056,7ec0773c-55ef-4b30-822a-c95911fe619d,2026-02-25 23:21:51,5,2581.92,387.29,19.84,2989.05,EUR,completed,3020.95,1.0,,bank_transfer,-31.899999999999636,1.010672287181546,Complete,False
ORD-00057,c68f7484-9302-41c6-a449-a1a1b8b0b4fc,2026-02-18 14:06:34,3,1498.75,224.81,20.46,1744.02,USD,completed,1744.02,1.0,,credit_card,0.0,1.0,Complete,False
ORD-00058,5030c9cc-5f8f-4df7-8a7d-0015365fed2c,2026-02-12 12:07:36,2,211.63,31.74,24.6,267.97,USD,shipped,267.97,1.0,,credit_card,0.0,1.0,Complete,False
ORD-00059,c6061ad3-247b-48c7-88ee-085c537f3dad,2026-03-18 16:49:54,4,2578.49,386.77,9.99,2975.25,USD,completed,0.0,0.0,,,2975.25,0.0,Missing,False
ORD-00060,00e42e79-14cd-4a5c-b82a-efde7f5003f6,2026-01-29 01:32:34,4,2201.57,330.24,13.94,2545.75,EUR,pending,2335.55,1.0,,credit_card,210.19999999999982,0.9174310124717667,Partial (>50%),False
ORD-00061,bb9ed87f-d38e-4e49-918d-7397ee47ea54,2026-01-30 23:10:30,4,3208.95,481.34,22.29,3712.58,USD,completed,3712.58,1.0,,credit_card,0.0,1.0,Complete,False
ORD-00062,fd797857-f840-4bd2-9a3a-aebd6cd87478,2026-01-26 13:07:33,4,3029.11,454.37,11.87,3495.35,USD,completed,3495.35,1.0,,paypal,0.0,1.0,Complete,False
ORD-00063,bf3c8405-e80d-4159-a07c-0eedf0a0f2fa,2026-03-07 09:22:29,3,1924.73,288.71,6.86,2220.3,USD,completed,3923.25,2.0,365.82,"crypto, bank_transfer",-1702.9499999999998,1.7669909471693013,Complete,True
ORD-00064,d4b9d1f1-b7bf-4cd1-b98a-babca25b1caa,2026-02-13 11:50:58,3,1018.25,152.74,5.78,1176.77,USD,completed,1176.77,3.0,0.01,"paypal, credit_card",0.0,1.0,Complete,False
ORD-00065,dea3164e-968f-4dcf-b019-15c48e65ec2c,2026-01-16 12:13:27,4,1597.1,239.56,10.5,1847.16,EUR,completed,1694.64,1.0,,credit_card,152.51999999999998,0.917430000649646,Partial (>50%),False
ORD-00066,4beffbb2-5c29-4d17-b32b-97079a3b61c7,2026-02-20 13:20:51,5,2371.51,355.73,23.84,2751.08,USD,completed,2751.08,1.0,,paypal,0.0,1.0,Complete,False
ORD-00067,286281f4-9230-408b-b5b5-7ea752ad6bc8,2026-01-30 03:22:08,5,2558.15,383.72,16.72,2958.59,USD,completed,2958.59,1.0,,credit_card,0.0,1.0,Complete,False
ORD-00068,906f07b3-f11b-4da9-9e92-80a15e147f5a,2026-01-17 21:36:40,2,1519.69,227.95,22.67,1770.31,USD,completed,1770.31,1.0,,bank_transfer,0.0,1.0,Complete,False
ORD-00069,c68f7484-9302-41c6-a449-a1a1b8b0b4fc,2026-03-04 05:02:58,4,1056.51,158.48,5.29,1220.28,USD,shipped,1220.28,1.0,,credit_card,0.0,1.0,Complete,False
ORD-00070,385fdf81-fab6-4573-ac7c-b6f1dcb4e1d4,2026-02-02 03:30:59,3,1847.85,277.18,2.05,2127.08,USD,completed,1795.33,1.0,,credit_card,331.75,0.8440350151381236,Partial (>50%),False
ORD-00071,3eb2e4db-07a6-45f6-b7c1-887f4cabd887,2026-03-28 16:38:02,2,1437.06,215.56,16.29,1668.91,USD,cancelled,0.0,0.0,,,1668.91,0.0,Missing,False
ORD-00072,baed7201-989d-411a-8c95-c79619725606,2026-01-18 06:25:09,1,625.12,93.77,5.96,724.85,USD,pending,724.85,1.0,,credit_card,0.0,1.0,Complete,False
ORD-00073,6e828cfe-18ea-4a5a-96cc-4aaccb8440a0,2026-01-16 23:35:52,4,2258.99,338.85,18.7,2616.54,USD,shipped,2616.54,1.0,,credit_card,0.0,1.0,Complete,False
ORD-00074,c579325b-eccc-4f5c-9526-3d910788a6f7,2026-03-09 19:30:45,1,582.9,87.43,23.22,693.55,USD,cancelled,0.0,0.0,,,693.55,0.0,Missing,False
ORD-00075,7044724f-2968-4d34-a418-448a6fb9aabb,2026-02-16 06:35:22,4,2576.86,386.53,6.07,2969.46,USD,completed,2969.46,1.0,,paypal,0.0,1.0,Complete,False
ORD-00076,bb5fdeb0-4d79-4834-8da7-7e0a4ed0d891,2026-03-27 22:57:32,1,798.26,119.74,14.15,932.15,USD,completed,932.15,1.0,,credit_card,0.0,1.0,Complete,False
ORD-00077,c6753307-2b56-49b3-be62-bdeb85e82bd5,2026-01-09 17:13:26,1,510.9,76.63,8.53,596.06,EUR,shipped,1008.32,2.0,60.36,"credit_card, crypto",-412.2600000000001,1.6916417810287558,Complete,True
ORD-00078,00e42e79-14cd-4a5c-b82a-efde7f5003f6,2026-02-04 20:04:31,4,3141.07,471.16,10.89,3623.12,USD,refunded,0.0,0.0,,,3623.12,0.0,Missing,False
ORD-00079,d4b9d1f1-b7bf-4cd1-b98a-babca25b1caa,2026-03-18 06:51:46,5,3016.51,452.48,6.71,3475.7,EUR,shipped,3188.72,1.0,,paypal,286.98,0.9174324596484161,Partial (>50%),False
ORD-00080,ddb82008-207d-46b8-8ca3-af17bbdd50dd,2026-02-14 12:50:47,3,1604.29,240.64,15.26,1860.19,USD,pending,1860.19,1.0,,paypal,0.0,1.0,Complete,False
ORD-00081,4736fb26-6346-48d5-9430-a66df12044b1,2026-03-26 09:45:38,2,853.95,128.09,6.46,988.5,USD,completed,988.5,3.0,0.0,"credit_card, crypto",0.0,1.0,Complete,False
ORD-00082,b54583a1-6828-4363-ac11-086f39c3573b,2026-01-25 10:05:04,5,2279.9500000000003,341.99,18.95,2640.89,USD,completed,2229.01,2.0,0.0,"credit_card, crypto",411.87999999999965,0.8440374267765792,Partial (>50%),False
ORD-00083,3d28f496-fcd3-4dad-976c-c298823fae46,2026-01-20 03:07:36,4,1821.37,273.21,7.66,2102.24,USD,completed,1401.49,2.0,0.01,"paypal, crypto",700.7499999999998,0.6666650810563971,Partial (>50%),False
ORD-00084,b7b969fe-571c-4718-8e7e-89eb885a6a6e,2026-02-19 05:00:49,3,1517.21,227.58,17.57,1762.36,USD,completed,881.18,1.0,,credit_card,881.18,0.5,Partial (>50%),False
ORD-00085,4da58ad7-816f-4d46-888d-4dc9a351d3a7,2026-03-29 22:07:31,2,1067.84,160.18,23.77,1251.79,USD,completed,1251.79,1.0,,bank_transfer,0.0,1.0,Complete,False
ORD-00086,41a6dfa0-803c-4377-b6a4-0fc4201d92ee,2026-02-09 20:45:27,3,2233.57,335.04,7.07,2575.68,USD,completed,2575.68,2.0,0.0,"crypto, credit_card",0.0,1.0,Complete,False
ORD-00087,a01dbcbd-4b72-4ce3-8f35-5497ae956e0a,2026-01-08 01:46:19,3,750.4499999999999,112.57,6.86,869.88,EUR,completed,948.17,1.0,,credit_card,-78.28999999999996,1.0900009196670806,Complete,True
ORD-00088,661c46b2-9e04-4295-8cf2-de63eeee7569,2026-01-26 05:08:28,4,909.13,136.37,8.52,1054.02,EUR,completed,966.99,1.0,,paypal,87.02999999999997,0.9174304092901463,Partial (>50%),False
ORD-00089,31a1e3de-fcdf-4e75-b3bc-92bf5c74ab90,2026-02-02 14:44:10,1,823.89,123.58,10.02,957.49,USD,completed,957.49,1.0,,paypal,0.0,1.0,Complete,False
ORD-00090,8461d346-5875-4263-9e8a-d76878811453,2026-01-19 17:07:26,2,724.9200000000001,108.74,7.6,841.26,EUR,pending,771.8,1.0,,credit_card,69.46000000000004,0.9174333737489004,Partial (>50%),False
ORD-00091,eea3a477-0b62-4cfd-aae5-8c0593b0244a,2026-03-26 23:27:50,5,3296.33,494.45,7.43,3798.21,USD,completed,3798.21,1.0,,credit_card,0.0,1.0,Complete,False
ORD-00092,ceef8550-9848-48eb-90a8-159882c2f80c,2026-04-04 19:16:05,5,2532.75,379.91,6.62,2919.28,USD,completed,0.0,0.0,,,2919.28,0.0,Missing,False
ORD-00093,bddd14b8-3cde-4f8a-a825-5c3dae7d9076,2026-03-03 19:18:29,1,164.97,24.75,10.21,199.93,USD,completed,199.93,1.0,,paypal,0.0,1.0,Complete,False
ORD-00094,84aea9a5-cf07-44cc-98ec-7cc43a596913,2026-03-05 12:41:54,2,585.11,87.77,21.49,694.37,USD,completed,1239.8,2.0,105.32,"credit_card, crypto",-545.43,1.7855034059651194,Complete,True
ORD-00095,fd3824dc-6817-4ab5-810c-ba7dcfea6aec,2026-02-06 12:00:54,5,3230.07,484.51,22.71,3737.29,EUR,pending,0.0,0.0,,,3737.29,0.0,Missing,False
ORD-00096,ab76031b-68b7-4bdd-a199-9d12a156efb2,2026-02-11 05:40:06,3,2347.07,352.06,10.98,2710.11,USD,completed,2710.11,1.0,,paypal,0.0,1.0,Complete,False
ORD-00097,677ad0be-c5cd-4527-a66e-f99710c8dfdd,2026-02-16 23:27:21,3,1093.97,164.1,1.0,1259.07,USD,completed,0.0,0.0,,,1259.07,0.0,Missing,False
ORD-00098,809b77a9-e8de-4fbc-81e7-0115bd1b38c9,2026-01-29 05:12:11,1,100.41,15.06,24.05,139.52,EUR,completed,128.0,1.0,,credit_card,11.52000000000001,0.9174311926605504,Partial (>50%),False
ORD-00099,4beffbb2-5c29-4d17-b32b-97079a3b61c7,2026-01-07 14:01:48,3,1529.4,229.41,12.97,1771.78,USD,completed,1771.78,1.0,,bank_transfer,0.0,1.0,Complete,False
ORD-00100,60e075f1-7328-4243-bf17-7020ff7966b8,2026-03-17 05:51:25,4,1590.0600000000002,238.51,8.33,1836.9,USD,shipped,0.0,0.0,,,1836.9,0.0,Missing,False
ORD-00101,b0a95c5f-43b1-4845-a3b1-0385cfbd8537,2026-03-03 11:36:07,4,2753.25,412.99,13.75,3179.99,USD,completed,0.0,0.0,,,3179.99,0.0,Missing,False
ORD-00102,fd63d3cd-f6f6-4e19-8bfa-e6bd9ae73c33,2026-01-15 11:31:37,1,970.48,145.57,10.1,1126.15,USD,refunded,0.0,0.0,,,1126.15,0.0,Missing,False
ORD-00103,7e7d7be4-411f-4597-8f52-1bee0c39e867,2026-02-02 04:23:17,4,1741.87,261.28,15.64,2018.79,USD,completed,0.0,0.0,,,2018.79,0.0,Missing,False
ORD-00104,3a450645-a8e3-4c6d-9b10-2eb249c7432d,2026-01-10 03:20:19,2,1372.13,205.82,17.46,1595.41,USD,refunded,0.0,0.0,,,1595.41,0.0,Missing,False
ORD-00105,2583433c-e0f2-443f-af07-d1f8acbbc70b,2026-01-28 14:11:55,2,1030.32,154.55,0.34,1185.21,USD,completed,1000.36,1.0,,credit_card,184.85000000000002,0.844036077994617,Partial (>50%),False
ORD-00106,2ca9efb0-fd74-4ccb-b10d-8685550ba68b,2026-03-31 04:25:14,4,2694.58,404.19,7.3,3106.07,USD,completed,3106.07,1.0,,credit_card,0.0,1.0,Complete,False
ORD-00107,41a6dfa0-803c-4377-b6a4-0fc4201d92ee,2026-03-13 01:45:02,4,2119.44,317.92,12.71,2450.07,EUR,shipped,1498.51,2.0,0.0,"paypal, credit_card",951.5600000000002,0.6116192598578816,Partial (>50%),False
ORD-00108,b54583a1-6828-4363-ac11-086f39c3573b,2026-01-23 07:34:36,4,1423.36,213.5,18.15,1655.01,EUR,completed,1518.36,3.0,0.0,credit_card,136.6500000000001,0.9174325230663258,Partial (>50%),False
ORD-00109,3d28f496-fcd3-4dad-976c-c298823fae46,2026-01-11 11:31:30,2,941.58,141.24,8.31,1091.13,USD,completed,1091.13,1.0,,credit_card,0.0,1.0,Complete,False
ORD-00110,fd63d3cd-f6f6-4e19-8bfa-e6bd9ae73c33,2026-02-20 02:02:59,2,1227.39,184.11,9.57,1421.07,EUR,completed,1303.73,1.0,,paypal,117.33999999999992,0.9174284166156488,Partial (>50%),False
ORD-00111,e7b3525d-2e33-4263-b0cd-4e32541a4f1c,2026-03-21 07:58:09,4,2580.74,387.11,20.52,2988.37,EUR,completed,2741.62,1.0,,crypto,246.75,0.917429903258298,Partial (>50%),False
ORD-00112,785de690-57e6-4823-a128-3068a2634c45,2026-03-21 07:07:22,2,1101.55,165.23,21.74,1288.52,EUR,completed,1182.13,1.0,,credit_card,106.38999999999987,0.9174324030670848,Partial (>50%),False
ORD-00113,93c9fadb-9520-40e4-a952-671025a3242c,2026-03-10 02:42:41,4,2020.38,303.06,1.87,2325.31,USD,completed,1887.2,1.0,,crypto,438.1099999999999,0.8115907126361647,Partial (>50%),False
ORD-00114,a5e9681b-f6ce-44f7-9e6a-9da612ab41b4,2026-01-07 08:55:45,4,3221.16,483.17,9.5,3713.83,USD,completed,4328.29,1.0,,credit_card,-614.46,1.1654518381293706,Complete,True
ORD-00115,e21c1e52-cf67-4fa0-a75a-8609bb893f64,2026-03-19 14:12:57,5,2677.3,401.6,18.67,3097.57,USD,pending,2614.46,1.0,,credit_card,483.1100000000001,0.844035808714573,Partial (>50%),False
ORD-00116,a53e3700-dcaf-4e00-a7cd-fd05c4b6d342,2026-01-13 19:52:46,1,449.24,67.39,17.35,533.98,EUR,pending,489.89,1.0,,paypal,44.09000000000003,0.9174313644705794,Partial (>50%),False
ORD-00117,88b8947c-1ecc-491e-a6a2-48be4da12d5a,2026-02-11 06:03:23,3,1053.02,157.95,10.3,1221.27,USD,completed,1221.27,1.0,,paypal,0.0,1.0,Complete,False
ORD-00118,5b68a853-8383-4472-9e9d-40dfbb9e9ef0,2026-01-12 22:59:24,1,613.4,92.01,9.56,714.97,USD,completed,667.57,1.0,,crypto,47.39999999999998,0.9337035120354701,Partial (>50%),False
ORD-00119,60e075f1-7328-4243-bf17-7020ff7966b8,2026-03-21 13:51:04,2,881.4,132.21,11.49,1025.1,USD,shipped,0.0,0.0,,,1025.1,0.0,Missing,False
ORD-00120,906f07b3-f11b-4da9-9e92-80a15e147f5a,2026-02-23 20:39:32,3,1294.54,194.18,8.64,1497.36,USD,completed,1497.36,1.0,,paypal,0.0,1.0,Complete,False
ORD-00121,b7ae0e47-c745-4669-ac33-b0670d6de0c0,2026-01-26 13:52:18,3,1770.75,265.61,21.33,2057.69,USD,completed,2057.69,1.0,,paypal,0.0,1.0,Complete,False
ORD-00122,914dffdd-25c5-46d1-9223-bd26b81e3aff,2026-03-14 11:11:48,5,2270.51,340.58,0.2,2611.29,EUR,shipped,2395.68,1.0,,paypal,215.61000000000013,0.9174316142596187,Partial (>50%),False
ORD-00123,8eebb05c-6cfb-4790-9893-581a76530d9c,2026-02-14 02:14:38,5,3501.94,525.29,20.05,4047.28,USD,completed,4047.28,1.0,,credit_card,0.0,1.0,Complete,False
ORD-00124,809b77a9-e8de-4fbc-81e7-0115bd1b38c9,2026-02-12 19:47:14,2,1536.34,230.45,16.16,1782.95,USD,completed,1782.95,1.0,,bank_transfer,0.0,1.0,Complete,False
ORD-00125,f38d3781-8511-423a-83b7-51c7df62016b,2026-01-13 07:54:16,3,1136.43,170.46,18.69,1325.58,USD,pending,1325.58,2.0,0.0,credit_card,0.0,1.0,Complete,False
ORD-00126,7e7d7be4-411f-4597-8f52-1bee0c39e867,2026-01-22 12:13:52,3,2282.06,342.31,6.42,2630.79,EUR,completed,2413.57,1.0,,bank_transfer,217.2199999999998,0.9174316460074731,Partial (>50%),False
ORD-00127,15d71840-2c04-4eef-967f-9637749eed4d,2026-01-16 15:46:26,3,1364.39,204.66,18.85,1587.9,USD,completed,1587.9,1.0,,paypal,0.0,1.0,Complete,False
ORD-00128,396a941c-9688-45a1-863d-07931ddfe79d,2026-01-07 13:31:47,5,2190.13,328.52,16.82,2535.47,USD,completed,0.0,0.0,,,2535.47,0.0,Missing,False
ORD-00129,bf3c8405-e80d-4159-a07c-0eedf0a0f2fa,2026-01-28 01:52:15,3,393.51,59.03,22.11,474.65,USD,cancelled,474.65,1.0,,credit_card,0.0,1.0,Complete,False
ORD-00130,0c572699-f98c-422f-bc15-9565da30ffde,2026-01-19 04:59:52,1,639.05,95.86,11.61,746.52,USD,completed,727.93,1.0,,crypto,18.590000000000032,0.9750977870653164,Partial (>50%),False
ORD-00131,2ca9efb0-fd74-4ccb-b10d-8685550ba68b,2026-02-11 19:56:00,2,101.73,15.26,24.9,141.89,USD,completed,141.89,1.0,,credit_card,0.0,1.0,Complete,False
ORD-00132,2fc20c14-ace1-40a3-ab28-3169a00ab97d,2026-03-18 06:22:47,2,772.06,115.81,23.73,911.6,USD,completed,0.0,0.0,,,911.6,0.0,Missing,False
ORD-00133,d6ce647c-bc1f-4618-a6a9-a86b08d45dd1,2026-03-06 04:08:09,2,1544.9299999999998,231.74,20.84,1797.51,USD,cancelled,0.0,0.0,,,1797.51,0.0,Missing,False
ORD-00134,695e7742-c4a2-44d2-9adb-51cb4c67bb54,2026-01-21 01:00:20,1,693.38,104.01,5.43,802.82,USD,completed,802.82,1.0,,credit_card,0.0,1.0,Complete,False
ORD-00135,ba3ba624-44b3-42de-ab05-5a9c00d75429,2026-03-28 20:49:29,1,981.12,147.17,9.18,1137.47,EUR,completed,695.71,2.0,0.0,credit_card,441.76,0.6116293176962909,Partial (>50%),False
ORD-00136,438c0459-0871-4538-a16c-c321aedef7c4,2026-01-13 11:40:43,4,3027.11,454.07,2.29,3483.47,USD,completed,3483.47,1.0,,credit_card,0.0,1.0,Complete,False
ORD-00137,4beffbb2-5c29-4d17-b32b-97079a3b61c7,2026-01-26 19:12:32,1,788.93,118.34,6.09,913.36,USD,completed,570.89,1.0,,paypal,342.47,0.625043794341771,Partial (>50%),False
ORD-00138,d6baceb5-f6fd-4d0e-bb30-9d15daa6cda5,2026-03-01 01:54:14,5,1801.23,270.18,22.51,2093.92,USD,shipped,2093.92,1.0,,paypal,0.0,1.0,Complete,False
ORD-00139,ede9beb2-c5d3-4018-8659-e8b9403b5ebf,2026-02-09 20:18:54,2,1345.34,201.8,2.75,1549.89,EUR,pending,1482.3,1.0,,bank_transfer,67.59000000000015,0.9563904535160559,Partial (>50%),False
ORD-00140,914dffdd-25c5-46d1-9223-bd26b81e3aff,2026-03-22 14:00:36,2,618.58,92.79,6.63,718.0,USD,completed,718.0,1.0,,credit_card,0.0,1.0,Complete,False
ORD-00141,2ca9efb0-fd74-4ccb-b10d-8685550ba68b,2026-02-26 01:01:42,1,481.48,72.22,19.45,573.15,USD,pending,403.88,1.0,,credit_card,169.26999999999998,0.7046671900898543,Partial (>50%),False
ORD-00142,d1fcf094-5078-415c-a769-4baf080403bb,2026-02-25 05:03:12,2,998.89,149.83,19.58,1168.3,EUR,completed,1071.83,1.0,,paypal,96.47000000000003,0.9174270307284088,Partial (>50%),False
ORD-00143,05a46dfe-be03-4949-98a5-5c7cb7b193ee,2026-03-12 18:01:38,1,70.22,10.53,11.97,92.72,USD,completed,92.72,2.0,0.0,paypal,0.0,1.0,Complete,False
ORD-00144,3d28f496-fcd3-4dad-976c-c298823fae46,2026-01-16 03:31:42,4,859.98,129.0,6.88,995.86,USD,completed,995.86,1.0,,paypal,0.0,1.0,Complete,False
ORD-00145,4736fb26-6346-48d5-9430-a66df12044b1,2026-03-25 12:22:39,4,2598.48,389.77,2.48,2990.73,USD,shipped,2990.73,3.0,0.0,"credit_card, paypal",0.0,1.0,Complete,False
ORD-00146,bddd14b8-3cde-4f8a-a825-5c3dae7d9076,2026-01-13 18:15:05,2,1324.98,198.75,10.35,1534.08,EUR,completed,1407.41,2.0,0.0,"paypal, credit_card",126.66999999999985,0.9174293387567795,Partial (>50%),False
ORD-00147,874d4cfd-6507-4a1c-b465-012d770d526e,2026-01-26 20:33:13,3,1481.52,222.23,3.82,1707.57,EUR,pending,1566.58,1.0,,paypal,140.99,0.9174323746610681,Partial (>50%),False
ORD-00148,c68f7484-9302-41c6-a449-a1a1b8b0b4fc,2026-01-31 15:12:39,1,437.56,65.63,18.61,521.8,USD,pending,521.8,1.0,,paypal,0.0,1.0,Complete,False
ORD-00149,438c0459-0871-4538-a16c-c321aedef7c4,2026-02-23 01:48:22,5,3488.01,523.2,23.53,4034.74,USD,cancelled,0.0,0.0,,,4034.74,0.0,Missing,False
ORD-00150,8461d346-5875-4263-9e8a-d76878811453,2026-02-11 10:58:03,3,1544.6799999999998,231.7,5.32,1781.7,USD,completed,1781.7,2.0,0.0,credit_card,0.0,1.0,Complete,False
ORD-00151,00e42e79-14cd-4a5c-b82a-efde7f5003f6,2026-02-27 10:52:56,3,1985.79,297.87,14.35,2298.01,EUR,shipped,2108.27,1.0,,credit_card,189.74000000000024,0.9174329093433012,Partial (>50%),False
ORD-00152,a5e9681b-f6ce-44f7-9e6a-9da612ab41b4,2026-01-17 23:01:26,5,3210.09,481.51,0.72,3692.32,USD,shipped,3692.32,1.0,,credit_card,0.0,1.0,Complete,False
ORD-00153,64bf5824-81e3-483f-bf32-728238028789,2026-01-29 09:54:21,3,1457.86,218.68,10.02,1686.56,USD,completed,1686.56,1.0,,credit_card,0.0,1.0,Complete,False
ORD-00154,89f86a74-7fde-4dd8-ac33-92c3dfd46327,2026-03-30 02:15:37,1,748.65,112.3,5.38,866.33,USD,completed,866.33,1.0,,credit_card,0.0,1.0,Complete,False
ORD-00155,c6753307-2b56-49b3-be62-bdeb85e82bd5,2026-04-01 19:56:47,3,2075.37,311.31,2.12,2388.8,USD,completed,2388.8,1.0,,paypal,0.0,1.0,Complete,False
ORD-00156,41cd2d53-0f79-4736-87ed-07eed564097a,2026-01-25 09:38:46,1,677.23,101.58,6.8,785.61,USD,completed,855.24,1.0,,credit_card,-69.63,1.088631763852293,Complete,True
ORD-00157,1f7541c0-8fa1-4ff7-9896-9b0dde78279c,2026-03-25 00:38:43,4,1596.12,239.42,7.08,1842.62,USD,completed,921.31,1.0,,bank_transfer,921.31,0.5,Partial (>50%),False
ORD-00158,55d15283-343b-42e6-b4e1-be4dbfff7ca1,2026-02-26 20:59:58,1,228.31,34.25,24.61,287.17,USD,completed,287.17,1.0,,paypal,0.0,1.0,Complete,False
ORD-00159,1846d479-5d34-484a-b3ba-815f9ac12e07,2026-01-07 00:41:49,2,1063.07,159.46,3.0,1225.53,USD,completed,1225.53,1.0,,bank_transfer,0.0,1.0,Complete,False
ORD-00160,1c7c9de3-1287-48e7-9bee-e8cec06acff2,2026-03-03 14:19:51,4,2009.58,301.44,8.85,2319.87,USD,completed,2319.87,3.0,0.0,"bank_transfer, credit_card, paypal",0.0,1.0,Complete,False
ORD-00161,51409795-b50e-40fa-bbee-34aeae4cbc2d,2026-01-09 13:53:59,1,465.16,69.77,1.95,536.88,USD,completed,536.88,1.0,,credit_card,0.0,1.0,Complete,False
ORD-00162,677ad0be-c5cd-4527-a66e-f99710c8dfdd,2026-02-23 23:42:30,4,1854.29,278.14,23.69,2156.12,USD,completed,2156.12,1.0,,credit_card,0.0,1.0,Complete,False
ORD-00163,ba3ba624-44b3-42de-ab05-5a9c00d75429,2026-03-18 09:36:23,1,442.34,66.35,2.65,511.34,USD,completed,924.58,2.0,69.37,"credit_card, bank_transfer",-413.24000000000007,1.8081511323190051,Complete,True
ORD-00164,a4e5dfb7-fb5d-4a06-a4dd-2a50a915a8fb,2026-03-03 10:37:15,4,2630.86,394.63,1.91,3027.4,USD,completed,3027.4,3.0,0.01,"credit_card, paypal",0.0,1.0,Complete,False
ORD-00165,44ad8d95-50cb-49d1-aeec-294e4634aaee,2026-04-03 07:16:47,3,1965.22,294.78,3.69,2263.69,USD,completed,0.0,0.0,,,2263.69,0.0,Missing,False
ORD-00166,5b68a853-8383-4472-9e9d-40dfbb9e9ef0,2026-02-25 08:28:12,5,2590.95,388.64,11.6,2991.19,USD,completed,2991.19,1.0,,credit_card,0.0,1.0,Complete,False
ORD-00167,3e45ae30-f6ef-4826-b5fa-188cdd2a17a2,2026-02-25 02:24:00,5,2543.82,381.57,15.78,2941.17,USD,completed,2941.17,3.0,0.0,"credit_card, paypal",0.0,1.0,Complete,False
ORD-00168,bdb7460d-5c43-4a7d-924c-405a402378af,2026-02-02 03:06:09,5,1267.07,190.06,16.12,1473.25,EUR,pending,1351.61,1.0,,credit_card,121.6400000000001,0.9174342440183267,Partial (>50%),False
ORD-00169,389df2db-4383-4529-b913-c435e9b97d55,2026-01-27 00:19:21,5,2722.0,408.3,22.73,3153.03,USD,completed,3153.03,3.0,0.0,credit_card,0.0,1.0,Complete,False
ORD-00170,da48e822-e195-406f-a645-ccc4f03e19ba,2026-02-27 16:23:21,4,2733.38,410.01,20.93,3164.32,EUR,pending,1281.54,1.0,,bank_transfer,1882.7800000000002,0.404996966172827,Partial (<50%),False
ORD-00171,ad807b4e-53db-4ad9-b9f7-6ee167725b6f,2026-01-10 04:17:52,2,759.3,113.89,24.77,897.96,USD,completed,931.97,1.0,,credit_card,-34.00999999999999,1.0378747382956925,Complete,False
ORD-00172,655340a7-2026-4bd7-807b-06247b019177,2026-02-26 11:08:26,3,2089.02,313.35,16.97,2419.34,USD,completed,0.0,0.0,,,2419.34,0.0,Missing,False
ORD-00173,3f6dd4e2-7e60-49d6-9ce4-e95e7d8b98e5,2026-01-07 12:00:23,1,336.39,50.46,13.95,400.8,USD,completed,400.8,2.0,0.0,"paypal, credit_card",0.0,1.0,Complete,False
ORD-00174,da48e822-e195-406f-a645-ccc4f03e19ba,2026-01-27 16:10:57,2,926.94,139.04,3.54,1069.52,USD,refunded,0.0,0.0,,,1069.52,0.0,Missing,False
ORD-00175,22c61ee0-a63b-4fd7-b716-ae638e3408e6,2026-03-23 00:41:08,2,1537.71,230.66,7.74,1776.11,USD,shipped,0.0,0.0,,,1776.11,0.0,Missing,False
ORD-00176,661c46b2-9e04-4295-8cf2-de63eeee7569,2026-02-02 11:31:21,5,1633.5,245.02,23.78,1902.3,USD,shipped,1070.41,2.0,0.01,"credit_card, bank_transfer",831.8899999999999,0.5626925300951481,Partial (>50%),False
ORD-00177,44ad8d95-50cb-49d1-aeec-294e4634aaee,2026-02-08 12:45:12,2,1163.38,174.51,7.39,1345.28,USD,completed,1345.28,1.0,,paypal,0.0,1.0,Complete,False
ORD-00178,7e7d7be4-411f-4597-8f52-1bee0c39e867,2026-03-09 03:29:17,5,1682.1,252.31,4.06,1938.47,EUR,shipped,1778.41,1.0,,credit_card,160.05999999999995,0.9174297255051664,Partial (>50%),False
ORD-00179,ab76031b-68b7-4bdd-a199-9d12a156efb2,2026-03-12 16:48:04,4,2116.2,317.43,15.26,2448.89,USD,shipped,2448.89,1.0,,credit_card,0.0,1.0,Complete,False
ORD-00180,1303d8b4-a905-47b3-8c76-41c1f262e122,2026-01-12 12:36:35,5,3106.26,465.94,16.96,3589.16,USD,completed,3589.16,1.0,,paypal,0.0,1.0,Complete,False
ORD-00181,c1a00f7d-0863-4f71-b68e-db7750dd0ee3,2026-03-18 11:44:19,4,1310.49,196.57,15.12,1522.18,EUR,pending,0.0,0.0,,,1522.18,0.0,Missing,False
ORD-00182,41a6dfa0-803c-4377-b6a4-0fc4201d92ee,2026-01-26 04:25:43,3,1517.99,227.7,21.28,1766.97,USD,shipped,1766.97,1.0,,paypal,0.0,1.0,Complete,False
ORD-00183,d4b9d1f1-b7bf-4cd1-b98a-babca25b1caa,2026-01-08 01:21:33,4,2452.1800000000003,367.83,5.55,2825.56,USD,completed,2825.56,3.0,0.01,"credit_card, bank_transfer",0.0,1.0,Complete,False
ORD-00184,196a29a4-301f-4889-92af-c6145eb5d7c8,2026-04-05 21:13:09,4,1807.71,271.16,9.37,2088.24,USD,cancelled,2088.24,1.0,,paypal,0.0,1.0,Complete,False
ORD-00185,3f6dd4e2-7e60-49d6-9ce4-e95e7d8b98e5,2026-01-11 12:50:08,2,440.23,66.03,20.74,527.0,USD,pending,338.76,1.0,,bank_transfer,188.24,0.6428083491461101,Partial (>50%),False
ORD-00186,b294b581-be0f-49c2-92c0-b835503a837b,2026-03-09 09:18:05,4,1778.3,266.75,3.74,2048.79,EUR,completed,1879.62,1.0,,credit_card,169.17000000000007,0.9174293119353374,Partial (>50%),False
ORD-00187,b7ae0e47-c745-4669-ac33-b0670d6de0c0,2026-02-24 14:54:24,1,778.41,116.76,5.94,901.11,USD,completed,1316.4,2.0,144.77,"credit_card, crypto",-415.2900000000001,1.460864933248993,Complete,True
ORD-00188,bf3c8405-e80d-4159-a07c-0eedf0a0f2fa,2026-03-14 02:19:44,5,2115.43,317.31,12.88,2445.62,USD,pending,0.0,0.0,,,2445.62,0.0,Missing,False
ORD-00189,efd681f7-0b78-4975-a2bc-bf2ae6bba340,2026-02-05 11:24:42,1,618.66,92.8,6.01,717.47,USD,completed,717.47,1.0,,credit_card,0.0,1.0,Complete,False
ORD-00190,c68f7484-9302-41c6-a449-a1a1b8b0b4fc,2026-01-21 16:20:57,5,3083.41,462.51,13.85,3559.77,USD,completed,3559.77,1.0,,paypal,0.0,1.0,Complete,False
ORD-00191,a53e3700-dcaf-4e00-a7cd-fd05c4b6d342,2026-03-13 22:48:07,4,2059.05,308.86,8.62,2376.53,USD,completed,0.0,0.0,,,2376.53,0.0,Missing,False
ORD-00192,f38d3781-8511-423a-83b7-51c7df62016b,2026-01-13 22:50:51,3,846.02,126.9,16.07,988.99,EUR,completed,1690.02,2.0,88.14,"credit_card, bank_transfer",-701.03,1.7088342652605182,Complete,True
ORD-00193,31a1e3de-fcdf-4e75-b3bc-92bf5c74ab90,2026-01-17 23:58:37,2,885.85,132.88,19.4,1038.13,USD,completed,1726.49,2.0,18.35,"paypal, credit_card",-688.3599999999999,1.6630768786182846,Complete,True
ORD-00194,24b19358-8f81-4e62-800f-e4d18f79d24b,2026-01-18 07:16:13,2,1209.37,181.41,7.75,1398.53,USD,shipped,1398.53,1.0,,paypal,0.0,1.0,Complete,False
ORD-00195,2b786206-a81b-4f1e-b76a-29d5f60f8f17,2026-01-15 01:28:25,3,989.93,148.49,21.55,1159.97,USD,completed,1159.97,1.0,,paypal,0.0,1.0,Complete,False
ORD-00196,d4b9d1f1-b7bf-4cd1-b98a-babca25b1caa,2026-02-09 06:36:07,1,801.35,120.2,10.92,932.47,USD,completed,932.47,1.0,,crypto,0.0,1.0,Complete,False
ORD-00197,98993c87-be5e-4e4e-a4b7-aa76676b0ba1,2026-03-13 08:21:46,3,1977.78,296.67,23.11,2297.56,USD,shipped,2297.56,1.0,,credit_card,0.0,1.0,Complete,False
ORD-00198,b7ae0e47-c745-4669-ac33-b0670d6de0c0,2026-01-06 17:08:55,1,436.3,65.44,24.88,526.62,USD,completed,296.32,2.0,0.01,credit_card,230.3,0.5626827693593103,Partial (>50%),False
ORD-00199,eba11ed0-9a24-4448-a46a-da1c0ff9c71d,2026-03-01 07:14:00,1,334.64,50.2,7.39,392.23,USD,completed,0.0,0.0,,,392.23,0.0,Missing,False
ORD-00200,ab76031b-68b7-4bdd-a199-9d12a156efb2,2026-03-27 12:54:34,4,1640.33,246.05,24.95,1911.33,USD,refunded,0.0,0.0,,,1911.33,0.0,Missing,False
ORD-00201,88b8947c-1ecc-491e-a6a2-48be4da12d5a,2026-03-30 07:40:05,1,674.47,101.17,10.16,785.8,USD,completed,0.0,0.0,,,785.8,0.0,Missing,False
ORD-00202,a2fec15b-478f-4d2c-a157-93a6aa70e803,2026-01-16 21:59:53,1,151.35,22.7,15.19,189.24,USD,pending,291.47,2.0,61.53,"credit_card, crypto",-102.23000000000002,1.5402134855210317,Complete,True
ORD-00203,d6baceb5-f6fd-4d0e-bb30-9d15daa6cda5,2026-03-18 21:52:40,2,1153.4,173.01,9.57,1335.98,USD,completed,1335.98,1.0,,bank_transfer,0.0,1.0,Complete,False
ORD-00204,b6fa1f68-2a3c-4fef-8386-e425564ad761,2026-02-15 16:04:01,3,1721.92,258.29,13.24,1993.45,USD,completed,1993.45,2.0,0.01,"paypal, credit_card",0.0,1.0,Complete,False
ORD-00205,0eafeb30-3bb2-49c2-8623-d87be72f1f42,2026-03-12 04:32:33,1,35.65,5.35,4.65,45.65,USD,cancelled,0.0,0.0,,,45.65,0.0,Missing,False
ORD-00206,4da58ad7-816f-4d46-888d-4dc9a351d3a7,2026-03-31 13:34:13,3,1706.63,255.99,15.3,1977.92,USD,refunded,0.0,0.0,,,1977.92,0.0,Missing,False
ORD-00207,baed7201-989d-411a-8c95-c79619725606,2026-03-05 12:43:10,1,144.37,21.66,1.85,167.88,USD,completed,264.32,2.0,50.52,paypal,-96.44,1.5744579461520134,Complete,True
ORD-00208,ddb82008-207d-46b8-8ca3-af17bbdd50dd,2026-02-07 07:58:28,3,1938.11,290.72,7.26,2236.09,USD,completed,3370.2,2.0,779.22,credit_card,-1134.1099999999997,1.5071844156541103,Complete,True
ORD-00209,bf3c8405-e80d-4159-a07c-0eedf0a0f2fa,2026-03-23 19:12:51,2,1309.4299999999998,196.41,3.03,1508.87,USD,pending,1508.87,2.0,0.01,credit_card,0.0,1.0,Complete,False
ORD-00210,cba645e1-ea2d-4dd5-9963-a2615cbfce95,2026-02-22 06:22:40,1,367.29,55.09,14.31,436.69,USD,refunded,0.0,0.0,,,436.69,0.0,Missing,False
ORD-00211,1c7c9de3-1287-48e7-9bee-e8cec06acff2,2026-04-03 02:38:55,5,2568.31,385.25,10.27,2963.83,USD,completed,2963.83,1.0,,credit_card,0.0,1.0,Complete,False
ORD-00212,661c46b2-9e04-4295-8cf2-de63eeee7569,2026-03-18 10:20:13,3,1784.6999999999998,267.7,8.61,2061.01,EUR,shipped,1260.56,2.0,0.01,"credit_card, paypal",800.4500000000003,0.6116224569507183,Partial (>50%),False
ORD-00213,bf3c8405-e80d-4159-a07c-0eedf0a0f2fa,2026-02-10 12:07:20,5,2571.5,385.72,3.1,2960.32,USD,completed,2960.32,1.0,,credit_card,0.0,1.0,Complete,False
ORD-00214,fd63d3cd-f6f6-4e19-8bfa-e6bd9ae73c33,2026-01-16 09:50:55,2,1294.06,194.11,22.37,1510.54,EUR,completed,1385.82,3.0,0.01,"credit_card, paypal",124.72000000000003,0.9174335006024336,Partial (>50%),False
ORD-00215,a53e3700-dcaf-4e00-a7cd-fd05c4b6d342,2026-04-03 09:26:40,5,2275.83,341.37,14.8,2632.0,USD,completed,2632.0,1.0,,credit_card,0.0,1.0,Complete,False
ORD-00216,a5e9681b-f6ce-44f7-9e6a-9da612ab41b4,2026-03-30 10:16:53,5,2275.26,341.29,23.71,2640.26,USD,completed,2228.48,1.0,,credit_card,411.7800000000002,0.8440380871580828,Partial (>50%),False
ORD-00217,bbc7b328-fd12-467f-870a-dc10ab5db281,2026-03-05 23:50:56,5,2495.74,374.36,23.92,2894.02,USD,shipped,2894.02,2.0,0.0,"paypal, credit_card",0.0,1.0,Complete,False
ORD-00218,677ad0be-c5cd-4527-a66e-f99710c8dfdd,2026-03-31 03:44:15,3,1317.24,197.59,10.39,1525.22,USD,completed,1525.22,2.0,0.0,credit_card,0.0,1.0,Complete,False
ORD-00219,df310b87-5cce-46cb-a152-0e315a3214fb,2026-01-31 09:41:06,3,2177.13,326.57,8.63,2512.33,USD,shipped,2512.33,1.0,,credit_card,0.0,1.0,Complete,False
ORD-00220,6ad0bb93-6f9f-4d84-bc67-3cafe9107f30,2026-01-29 15:25:50,5,1100.31,165.05,1.27,1266.63,EUR,shipped,1380.63,1.0,,credit_card,-114.0,1.0900026053385756,Complete,True
ORD-00221,145036a5-31fe-4f01-9d9b-d96ca2b6a4ac,2026-03-29 12:42:49,2,1866.35,279.95,20.34,2166.64,EUR,completed,0.0,0.0,,,2166.64,0.0,Missing,False
ORD-00222,e43eb628-e80c-4cfa-aef6-be2db8278e28,2026-01-06 00:16:42,2,1022.86,153.43,12.47,1188.76,USD,pending,1188.76,1.0,,credit_card,0.0,1.0,Complete,False
ORD-00223,22c61ee0-a63b-4fd7-b716-ae638e3408e6,2026-02-21 15:11:21,5,1645.2,246.78,14.94,1906.92,EUR,completed,0.0,0.0,,,1906.92,0.0,Missing,False
ORD-00224,c5939592-b5a1-455a-8b02-116ed2e9a38f,2026-02-19 20:50:04,5,921.07,138.16,10.08,1069.31,USD,pending,1845.87,2.0,207.01,"credit_card, paypal",-776.56,1.7262253228717583,Complete,True
ORD-00225,465a7a42-0e96-4cbb-ad56-60ad1ac76e77,2026-04-04 04:14:56,2,664.62,99.69,9.66,773.97,USD,completed,773.97,1.0,,credit_card,0.0,1.0,Complete,False
ORD-00226,a5e9681b-f6ce-44f7-9e6a-9da612ab41b4,2026-01-27 01:29:17,5,2645.55,396.83,23.47,3065.85,USD,completed,3065.85,3.0,0.0,"paypal, credit_card",0.0,1.0,Complete,False
ORD-00227,2051de53-66b2-4066-8477-d2d8de118b98,2026-02-20 16:32:15,4,1045.31,156.8,11.84,1213.95,USD,completed,2244.63,2.0,129.59,"credit_card, paypal",-1030.68,1.8490300259483505,Complete,True
ORD-00228,6ad0bb93-6f9f-4d84-bc67-3cafe9107f30,2026-02-12 11:15:09,2,951.63,142.74,4.06,1098.43,EUR,completed,0.0,0.0,,,1098.43,0.0,Missing,False
ORD-00229,689394ba-1004-4c81-bc65-2473d37de10a,2026-02-18 17:59:59,5,2728.48,409.27,20.39,3158.14,USD,completed,3158.14,2.0,0.0,"crypto, paypal",0.0,1.0,Complete,False
ORD-00230,eea3a477-0b62-4cfd-aae5-8c0593b0244a,2026-02-16 17:57:28,5,3321.67,498.25,6.64,3826.56,USD,refunded,0.0,0.0,,,3826.56,0.0,Missing,False
ORD-00231,f38d3781-8511-423a-83b7-51c7df62016b,2026-01-13 10:19:03,5,2034.71,305.21,19.37,2359.29,USD,shipped,2359.29,1.0,,credit_card,0.0,1.0,Complete,False
ORD-00232,11c16420-a538-4744-a93a-53c3c4dc1637,2026-01-10 10:42:31,1,576.84,86.53,17.51,680.88,USD,completed,680.88,1.0,,credit_card,0.0,1.0,Complete,False
ORD-00233,145036a5-31fe-4f01-9d9b-d96ca2b6a4ac,2026-01-22 12:07:20,2,630.68,94.6,12.55,737.83,USD,completed,737.83,2.0,0.01,"credit_card, bank_transfer",0.0,1.0,Complete,False
ORD-00234,438c0459-0871-4538-a16c-c321aedef7c4,2026-03-10 02:40:45,2,1088.78,163.32,24.95,1277.05,USD,completed,1277.05,1.0,,credit_card,0.0,1.0,Complete,False
ORD-00235,5b68a853-8383-4472-9e9d-40dfbb9e9ef0,2026-02-12 02:03:17,4,2396.91,359.54,18.02,2774.47,USD,completed,3224.98,1.0,,paypal,-450.5100000000002,1.1623769584821606,Complete,True
ORD-00236,fe5ce48c-13e2-4e98-8094-6d79f4419fe9,2026-01-08 16:57:39,4,1249.52,187.43,24.32,1461.27,USD,completed,1461.27,1.0,,credit_card,0.0,1.0,Complete,False
ORD-00237,bbc7b328-fd12-467f-870a-dc10ab5db281,2026-01-06 04:36:15,4,2411.0,361.65,6.84,2779.49,USD,completed,2779.49,1.0,,credit_card,0.0,1.0,Complete,False
ORD-00238,385fdf81-fab6-4573-ac7c-b6f1dcb4e1d4,2026-02-05 21:56:07,4,2879.37,431.91,7.19,3318.47,USD,completed,3318.47,1.0,,paypal,0.0,1.0,Complete,False
ORD-00239,1f7541c0-8fa1-4ff7-9896-9b0dde78279c,2026-01-20 20:15:49,3,1801.39,270.21,6.78,2078.38,USD,completed,2078.38,1.0,,credit_card,0.0,1.0,Complete,False
ORD-00240,00e42e79-14cd-4a5c-b82a-efde7f5003f6,2026-02-24 13:02:45,5,2190.17,328.53,5.82,2524.52,USD,completed,2524.52,1.0,,bank_transfer,0.0,1.0,Complete,False
ORD-00241,b294b581-be0f-49c2-92c0-b835503a837b,2026-02-04 06:54:56,1,684.38,102.66,3.44,790.48,EUR,refunded,0.0,0.0,,,790.48,0.0,Missing,False
ORD-00242,a2fec15b-478f-4d2c-a157-93a6aa70e803,2026-02-23 10:16:55,4,2673.17,400.98,18.9,3093.05,USD,completed,3093.05,1.0,,paypal,0.0,1.0,Complete,False
ORD-00243,438c0459-0871-4538-a16c-c321aedef7c4,2026-01-30 03:44:49,1,655.78,98.37,5.81,759.96,USD,shipped,759.96,1.0,,credit_card,0.0,1.0,Complete,False
ORD-00244,785de690-57e6-4823-a128-3068a2634c45,2026-02-25 00:52:34,2,1262.94,189.44,23.35,1475.73,USD,shipped,1245.57,1.0,,credit_card,230.16000000000008,0.8440365107438352,Partial (>50%),False
ORD-00245,cba645e1-ea2d-4dd5-9963-a2615cbfce95,2026-01-21 12:23:17,2,1899.75,284.96,23.15,2207.86,EUR,pending,2025.56,1.0,,credit_card,182.30000000000018,0.9174313588723922,Partial (>50%),False
ORD-00246,ceef8550-9848-48eb-90a8-159882c2f80c,2026-01-26 10:09:06,5,2928.19,439.23,12.35,3379.77,EUR,shipped,3100.71,1.0,,credit_card,279.05999999999995,0.9174322513070416,Partial (>50%),False
ORD-00247,906f07b3-f11b-4da9-9e92-80a15e147f5a,2026-02-02 12:30:02,3,493.27,73.99,11.47,578.73,USD,completed,488.47,1.0,,paypal,90.25999999999999,0.8440378069220534,Partial (>50%),False
ORD-00248,64bf5824-81e3-483f-bf32-728238028789,2026-03-09 09:21:50,3,1515.5500000000002,227.33,21.4,1764.28,EUR,shipped,1618.61,1.0,,credit_card,145.67000000000007,0.9174337406760831,Partial (>50%),False
ORD-00249,6ad0bb93-6f9f-4d84-bc67-3cafe9107f30,2026-01-22 08:38:16,3,961.36,144.2,3.52,1109.08,USD,completed,936.1,1.0,,credit_card,172.9799999999999,0.8440328921268079,Partial (>50%),False
ORD-00250,c2fc22cb-9420-4c94-9ad8-1c5dbbdbf819,2026-01-13 11:32:50,4,2262.81,339.42,18.07,2620.3,USD,completed,2620.3,1.0,,credit_card,0.0,1.0,Complete,False
ORD-00251,9df0917f-3a40-4c1e-a3fd-f8c98f6467e2,2026-03-11 12:55:27,1,671.11,100.67,11.63,783.41,USD,completed,783.41,1.0,,credit_card,0.0,1.0,Complete,False
ORD-00252,c579325b-eccc-4f5c-9526-3d910788a6f7,2026-01-20 03:07:44,1,642.32,96.35,23.52,762.19,USD,completed,762.19,1.0,,bank_transfer,0.0,1.0,Complete,False
ORD-00253,bb9ed87f-d38e-4e49-918d-7397ee47ea54,2026-02-16 07:32:00,4,1943.28,291.49,13.73,2248.5,USD,completed,2597.68,1.0,,credit_card,-349.17999999999984,1.1552946408716922,Complete,True
ORD-00254,6e828cfe-18ea-4a5a-96cc-4aaccb8440a0,2026-01-21 19:19:56,2,1283.4,192.51,19.68,1495.59,USD,completed,1495.59,1.0,,credit_card,0.0,1.0,Complete,False
ORD-00255,ba3ba624-44b3-42de-ab05-5a9c00d75429,2026-02-12 01:51:29,1,918.07,137.71,2.81,1058.59,EUR,cancelled,971.18,1.0,,credit_card,87.40999999999997,0.9174278993755846,Partial (>50%),False
ORD-00256,baed7201-989d-411a-8c95-c79619725606,2026-02-25 12:31:02,5,2701.03,405.15,17.92,3124.1,USD,shipped,5134.2,2.0,98.64,paypal,-2010.1,1.6434173041836049,Complete,True
ORD-00257,3d4f2ac2-19c6-46a0-8d3e-23c0da653a49,2026-03-24 15:25:06,1,458.9,68.83,12.83,540.56,USD,pending,540.56,1.0,,credit_card,0.0,1.0,Complete,False
ORD-00258,77952054-f4c5-4db7-b9c8-c58d4a407499,2026-01-23 23:51:35,3,1946.33,291.95,18.65,2256.93,USD,pending,2256.93,1.0,,credit_card,0.0,1.0,Complete,False
ORD-00259,c51e7d4e-c1f4-41a4-a8a2-2f54b45570a6,2026-03-09 03:11:32,1,545.75,81.86,1.51,629.12,EUR,refunded,0.0,0.0,,,629.12,0.0,Missing,False
ORD-00260,b294b581-be0f-49c2-92c0-b835503a837b,2026-02-24 07:21:09,1,294.22,44.13,4.5,342.85,USD,completed,342.85,2.0,0.01,credit_card,0.0,1.0,Complete,False
ORD-00261,ad807b4e-53db-4ad9-b9f7-6ee167725b6f,2026-01-27 13:37:28,4,2645.13,396.77,9.44,3051.34,USD,refunded,0.0,0.0,,,3051.34,0.0,Missing,False
ORD-00262,7e7d7be4-411f-4597-8f52-1bee0c39e867,2026-03-21 09:06:31,2,1011.29,151.69,4.46,1167.44,USD,completed,1167.44,1.0,,credit_card,0.0,1.0,Complete,False
ORD-00263,5030c9cc-5f8f-4df7-8a7d-0015365fed2c,2026-01-06 10:50:24,1,758.62,113.79,24.46,896.87,USD,completed,1611.31,2.0,129.0,"credit_card, crypto",-714.4399999999999,1.7965925942444279,Complete,True
ORD-00264,b7ae0e47-c745-4669-ac33-b0670d6de0c0,2026-03-12 08:48:18,5,1449.04,217.36,21.88,1688.28,USD,pending,784.14,1.0,,bank_transfer,904.14,0.4644608714194328,Partial (<50%),False
ORD-00265,145036a5-31fe-4f01-9d9b-d96ca2b6a4ac,2026-02-05 08:46:17,5,2002.71,300.41,0.84,2303.96,USD,completed,1944.62,1.0,,bank_transfer,359.34000000000015,0.8440337505859477,Partial (>50%),False
ORD-00266,8eebb05c-6cfb-4790-9893-581a76530d9c,2026-03-18 09:22:11,2,1151.38,172.71,5.86,1329.95,USD,shipped,1122.52,1.0,,credit_card,207.43000000000006,0.8440317305161847,Partial (>50%),False
ORD-00267,88b8947c-1ecc-491e-a6a2-48be4da12d5a,2026-02-04 00:07:09,2,805.23,120.78,20.39,946.4,USD,completed,798.8,1.0,,bank_transfer,147.60000000000002,0.8440405748098055,Partial (>50%),False
ORD-00268,bb5fdeb0-4d79-4834-8da7-7e0a4ed0d891,2026-02-04 17:07:33,3,2107.87,316.18,13.03,2437.08,USD,completed,2437.08,1.0,,credit_card,0.0,1.0,Complete,False
ORD-00269,a7e415ed-3b68-45e5-877b-761e721fb005,2026-02-19 16:37:40,5,3356.7,503.5,24.31,3884.51,EUR,completed,2375.84,2.0,0.01,credit_card,1508.67,0.6116189686730116,Partial (>50%),False
ORD-00270,93c9fadb-9520-40e4-a952-671025a3242c,2026-03-13 10:04:11,3,1420.42,213.06,4.6,1638.08,USD,completed,1638.08,1.0,,bank_transfer,0.0,1.0,Complete,False
ORD-00271,5030c9cc-5f8f-4df7-8a7d-0015365fed2c,2026-02-04 07:06:45,3,1480.27,222.04,1.44,1703.75,USD,completed,1939.02,1.0,,credit_card,-235.26999999999998,1.1380895084372706,Complete,True
ORD-00272,b7b969fe-571c-4718-8e7e-89eb885a6a6e,2026-03-04 05:31:20,2,656.98,98.55,8.26,763.79,USD,completed,763.79,1.0,,credit_card,0.0,1.0,Complete,False
ORD-00273,c6753307-2b56-49b3-be62-bdeb85e82bd5,2026-02-07 10:13:45,1,540.28,81.04,20.74,642.06,USD,completed,642.06,1.0,,credit_card,0.0,1.0,Complete,False
ORD-00274,da48e822-e195-406f-a645-ccc4f03e19ba,2026-01-31 20:44:13,5,2204.26,330.64,5.43,2540.33,USD,cancelled,0.0,0.0,,,2540.33,0.0,Missing,False
ORD-00275,b716514c-99d3-4c53-8485-b970c0c3bad3,2026-01-16 12:31:32,1,219.69,32.95,4.75,257.39,USD,completed,257.39,1.0,,credit_card,0.0,1.0,Complete,False
ORD-00276,31a1e3de-fcdf-4e75-b3bc-92bf5c74ab90,2026-02-09 06:20:56,2,1405.4,210.81,9.92,1626.13,USD,completed,1626.13,1.0,,credit_card,0.0,1.0,Complete,False
ORD-00277,c1a00f7d-0863-4f71-b68e-db7750dd0ee3,2026-03-04 06:12:25,4,1805.21,270.78,22.07,2098.06,USD,shipped,2098.06,1.0,,paypal,0.0,1.0,Complete,False
ORD-00278,b294b581-be0f-49c2-92c0-b835503a837b,2026-02-17 09:33:04,3,1711.98,256.8,14.06,1982.84,USD,pending,1982.84,1.0,,credit_card,0.0,1.0,Complete,False
ORD-00279,c2fc22cb-9420-4c94-9ad8-1c5dbbdbf819,2026-03-08 05:48:10,5,2439.62,365.94,9.5,2815.06,EUR,completed,2582.62,1.0,,credit_card,232.44000000000005,0.9174298238758676,Partial (>50%),False
ORD-00280,64bf5824-81e3-483f-bf32-728238028789,2026-02-14 21:28:10,3,1985.78,297.87,18.49,2302.14,USD,completed,2302.14,1.0,,credit_card,0.0,1.0,Complete,False
ORD-00281,bdb7460d-5c43-4a7d-924c-405a402378af,2026-02-26 22:32:31,2,699.6400000000001,104.95,4.6,809.19,EUR,refunded,0.0,0.0,,,809.19,0.0,Missing,False
ORD-00282,438c0459-0871-4538-a16c-c321aedef7c4,2026-03-01 15:32:20,5,3275.69,491.35,10.31,3777.35,EUR,completed,3465.46,1.0,,paypal,311.8899999999999,0.9174315326882603,Partial (>50%),False
ORD-00283,fc1bb964-4bc0-486d-90df-4842f77797c3,2026-03-31 00:37:52,1,226.53,33.98,11.4,271.91,USD,completed,0.0,0.0,,,271.91,0.0,Missing,False
ORD-00284,625f64d1-8564-4e92-bb51-1217073e2c12,2026-01-13 16:01:30,4,1642.38,246.36,0.42,1889.16,USD,completed,1864.02,1.0,,credit_card,25.1400000000001,0.9866924982531918,Partial (>50%),False
ORD-00285,c5939592-b5a1-455a-8b02-116ed2e9a38f,2026-03-29 14:06:33,1,507.19,76.08,17.45,600.72,USD,cancelled,0.0,0.0,,,600.72,0.0,Missing,False
ORD-00286,94eac905-3674-4b1c-a704-76ff48a9311e,2026-02-18 00:21:43,1,918.87,137.83,13.11,1069.81,USD,completed,1069.81,1.0,,credit_card,0.0,1.0,Complete,False
ORD-00287,809b77a9-e8de-4fbc-81e7-0115bd1b38c9,2026-02-01 16:42:50,3,1056.9,158.53,10.15,1225.58,USD,refunded,0.0,0.0,,,1225.58,0.0,Missing,False
ORD-00288,5030c9cc-5f8f-4df7-8a7d-0015365fed2c,2026-03-08 05:06:14,3,2193.79,329.07,21.46,2544.32,USD,pending,2544.32,1.0,,credit_card,0.0,1.0,Complete,False
ORD-00289,385fdf81-fab6-4573-ac7c-b6f1dcb4e1d4,2026-01-19 22:12:21,4,821.75,123.26,12.5,957.51,USD,shipped,957.51,1.0,,paypal,0.0,1.0,Complete,False
ORD-00290,3e45ae30-f6ef-4826-b5fa-188cdd2a17a2,2026-02-24 22:30:58,1,895.84,134.38,22.98,1053.2,USD,cancelled,0.0,0.0,,,1053.2,0.0,Missing,False
ORD-00291,ceef8550-9848-48eb-90a8-159882c2f80c,2026-01-15 18:02:41,4,2178.45,326.77,13.58,2518.8,USD,completed,2518.8,1.0,,credit_card,0.0,1.0,Complete,False
ORD-00292,f762aa0b-c1ea-48c9-851a-1df88a47de32,2026-03-17 23:06:34,1,961.85,144.28,14.68,1120.81,USD,completed,1120.81,1.0,,credit_card,0.0,1.0,Complete,False
ORD-00293,396a941c-9688-45a1-863d-07931ddfe79d,2026-02-03 10:13:18,1,306.28,45.94,14.1,366.32,USD,shipped,366.32,1.0,,credit_card,0.0,1.0,Complete,False
ORD-00294,7e7d7be4-411f-4597-8f52-1bee0c39e867,2026-03-03 19:03:05,3,1924.95,288.74,17.23,2230.92,USD,completed,2230.92,2.0,0.0,"credit_card, bank_transfer",0.0,1.0,Complete,False
ORD-00295,c51e7d4e-c1f4-41a4-a8a2-2f54b45570a6,2026-01-15 04:14:45,1,106.71,16.01,5.8,128.52,USD,completed,128.52,1.0,,paypal,0.0,1.0,Complete,False
ORD-00296,625f64d1-8564-4e92-bb51-1217073e2c12,2026-03-29 21:53:45,5,2491.14,373.67,12.27,2877.08,USD,cancelled,0.0,0.0,,,2877.08,0.0,Missing,False
ORD-00297,7ec0773c-55ef-4b30-822a-c95911fe619d,2026-03-04 14:54:12,2,1346.97,202.05,2.14,1551.16,USD,shipped,1551.16,1.0,,paypal,0.0,1.0,Complete,False
ORD-00298,6878a177-92ad-4fec-8771-e73d82e7c22c,2026-01-25 20:46:12,1,275.29,41.29,9.5,326.08,USD,completed,326.08,1.0,,credit_card,0.0,1.0,Complete,False
ORD-00299,0476a4fe-315e-4cd0-a8eb-8e22030a634b,2026-02-08 09:20:06,3,1411.23,211.68,11.12,1634.03,USD,pending,1368.82,1.0,,bank_transfer,265.21000000000004,0.8376957583398101,Partial (>50%),False
ORD-00300,ddb82008-207d-46b8-8ca3-af17bbdd50dd,2026-03-31 06:57:19,2,998.09,149.71,12.81,1160.61,USD,pending,370.17,1.0,,paypal,790.4399999999998,0.31894434823067186,Partial (<50%),False
ORD-00301,bddd14b8-3cde-4f8a-a825-5c3dae7d9076,2026-03-06 13:08:16,1,600.96,90.14,19.61,710.71,EUR,pending,0.0,0.0,,,710.71,0.0,Missing,False
ORD-00302,cc7a3503-41b4-4a15-8734-1f3d6a04ef26,2026-02-01 03:32:26,4,3065.7200000000003,459.86,6.07,3531.65,USD,completed,3531.65,1.0,,bank_transfer,0.0,1.0,Complete,False
ORD-00303,0bf08a87-b1b7-4e27-bc81-79ca4151fa2c,2026-02-15 18:16:03,2,551.95,82.79,3.65,638.39,USD,completed,638.39,1.0,,credit_card,0.0,1.0,Complete,False
ORD-00304,689394ba-1004-4c81-bc65-2473d37de10a,2026-04-01 07:09:14,4,2820.82,423.12,12.4,3256.34,USD,completed,3256.34,1.0,,paypal,0.0,1.0,Complete,False
ORD-00305,bb9ed87f-d38e-4e49-918d-7397ee47ea54,2026-01-24 11:42:32,3,1261.64,189.25,9.5,1460.39,EUR,completed,1339.81,2.0,0.01,credit_card,120.58000000000015,0.9174330144687377,Partial (>50%),False
ORD-00306,7ec0773c-55ef-4b30-822a-c95911fe619d,2026-02-10 10:03:45,5,1949.91,292.49,24.11,2266.51,EUR,completed,2079.37,1.0,,credit_card,187.14000000000033,0.9174325284247586,Partial (>50%),False
ORD-00307,a53e3700-dcaf-4e00-a7cd-fd05c4b6d342,2026-02-02 16:08:26,4,2372.37,355.86,19.65,2747.88,USD,cancelled,0.0,0.0,,,2747.88,0.0,Missing,False
ORD-00308,baed7201-989d-411a-8c95-c79619725606,2026-03-09 07:11:22,5,2721.9500000000003,408.29,23.57,3153.81,USD,shipped,0.0,0.0,,,3153.81,0.0,Missing,False
ORD-00309,d6baceb5-f6fd-4d0e-bb30-9d15daa6cda5,2026-02-02 02:10:15,4,1393.99,209.1,3.85,1606.94,USD,completed,1606.94,1.0,,credit_card,0.0,1.0,Complete,False
ORD-00310,3d4f2ac2-19c6-46a0-8d3e-23c0da653a49,2026-01-17 01:43:57,5,3018.77,452.82,13.59,3485.18,USD,completed,0.0,0.0,,,3485.18,0.0,Missing,False
ORD-00311,2fc20c14-ace1-40a3-ab28-3169a00ab97d,2026-03-26 06:26:32,5,2529.68,379.45,16.17,2925.3,USD,refunded,0.0,0.0,,,2925.3,0.0,Missing,False
ORD-00312,ad807b4e-53db-4ad9-b9f7-6ee167725b6f,2026-02-28 15:36:27,4,2218.58,332.79,2.47,2553.84,USD,completed,2553.84,1.0,,credit_card,0.0,1.0,Complete,False
ORD-00313,a7e415ed-3b68-45e5-877b-761e721fb005,2026-03-21 19:08:34,5,2451.18,367.68,17.26,2836.12,USD,refunded,0.0,0.0,,,2836.12,0.0,Missing,False
ORD-00314,41a6dfa0-803c-4377-b6a4-0fc4201d92ee,2026-03-13 13:53:08,1,302.48,45.37,23.01,370.86,USD,shipped,370.86,1.0,,paypal,0.0,1.0,Complete,False
ORD-00315,df310b87-5cce-46cb-a152-0e315a3214fb,2026-03-13 14:25:30,3,994.35,149.15,12.07,1155.57,USD,completed,1155.57,1.0,,credit_card,0.0,1.0,Complete,False
ORD-00316,b6fa1f68-2a3c-4fef-8386-e425564ad761,2026-03-01 01:06:00,3,844.41,126.66,0.56,971.63,USD,pending,971.63,1.0,,credit_card,0.0,1.0,Complete,False
ORD-00317,ab76031b-68b7-4bdd-a199-9d12a156efb2,2026-03-06 09:24:30,2,1077.22,161.58,8.27,1247.07,USD,completed,0.0,0.0,,,1247.07,0.0,Missing,False
ORD-00318,677ad0be-c5cd-4527-a66e-f99710c8dfdd,2026-01-17 11:04:13,2,855.25,128.29,9.89,993.43,USD,shipped,993.43,1.0,,credit_card,0.0,1.0,Complete,False
ORD-00319,b6fa1f68-2a3c-4fef-8386-e425564ad761,2026-02-23 02:01:39,5,1664.6,249.69,19.9,1934.19,USD,shipped,1934.19,3.0,0.0,"bank_transfer, credit_card, paypal",0.0,1.0,Complete,False
ORD-00320,2fc20c14-ace1-40a3-ab28-3169a00ab97d,2026-03-07 23:28:21,2,577.24,86.59,2.85,666.68,USD,completed,666.68,1.0,,credit_card,0.0,1.0,Complete,False
ORD-00321,bf3c8405-e80d-4159-a07c-0eedf0a0f2fa,2026-01-17 07:09:32,3,1807.33,271.1,8.7,2087.13,EUR,completed,0.0,0.0,,,2087.13,0.0,Missing,False
ORD-00322,689394ba-1004-4c81-bc65-2473d37de10a,2026-02-27 05:43:36,5,1961.68,294.25,9.33,2265.26,USD,completed,2265.26,1.0,,credit_card,0.0,1.0,Complete,False
ORD-00323,389df2db-4383-4529-b913-c435e9b97d55,2026-01-18 06:32:02,2,1007.87,151.18,12.17,1171.22,USD,cancelled,0.0,0.0,,,1171.22,0.0,Missing,False
ORD-00324,5b68a853-8383-4472-9e9d-40dfbb9e9ef0,2026-03-11 07:01:22,5,2133.17,319.98,21.64,2474.79,EUR,completed,1135.22,1.0,,credit_card,1339.57,0.4587136686345104,Partial (<50%),False
ORD-00325,44ad8d95-50cb-49d1-aeec-294e4634aaee,2026-03-19 05:35:16,4,2662.44,399.37,10.39,3072.2,EUR,completed,0.0,0.0,,,3072.2,0.0,Missing,False
ORD-00326,c68f7484-9302-41c6-a449-a1a1b8b0b4fc,2026-02-15 22:51:15,5,1927.5,289.12,4.21,2220.83,USD,completed,2220.83,1.0,,bank_transfer,0.0,1.0,Complete,False
ORD-00327,cba645e1-ea2d-4dd5-9963-a2615cbfce95,2026-04-03 23:40:20,5,2906.56,435.98,13.55,3356.09,USD,shipped,0.0,0.0,,,3356.09,0.0,Missing,False
ORD-00328,ae7900e0-9b25-4d78-bc39-f32a0584ff91,2026-01-12 22:22:10,5,2308.08,346.21,21.87,2676.16,USD,completed,2676.16,1.0,,crypto,0.0,1.0,Complete,False
ORD-00329,ddb82008-207d-46b8-8ca3-af17bbdd50dd,2026-02-06 02:16:38,4,2024.4,303.66,18.44,2346.5,USD,shipped,2346.5,2.0,0.0,credit_card,0.0,1.0,Complete,False
ORD-00330,fe5ce48c-13e2-4e98-8094-6d79f4419fe9,2026-03-26 19:46:45,4,751.58,112.74,1.48,865.8,USD,completed,865.8,1.0,,paypal,0.0,1.0,Complete,False
ORD-00331,2fc20c14-ace1-40a3-ab28-3169a00ab97d,2026-03-07 10:04:15,2,1037.43,155.61,7.23,1200.27,USD,shipped,1200.27,1.0,,paypal,0.0,1.0,Complete,False
ORD-00332,874d4cfd-6507-4a1c-b465-012d770d526e,2026-02-24 11:20:50,2,1750.97,262.65,22.97,2036.59,EUR,shipped,1868.43,1.0,,paypal,168.15999999999985,0.9174306070441277,Partial (>50%),False
ORD-00333,661c46b2-9e04-4295-8cf2-de63eeee7569,2026-01-06 20:45:08,2,971.46,145.72,20.71,1137.89,USD,completed,2183.03,2.0,65.58,"credit_card, paypal",-1045.14,1.9184894849238503,Complete,True
ORD-00334,3d28f496-fcd3-4dad-976c-c298823fae46,2026-02-13 14:02:26,2,857.68,128.65,10.36,996.69,USD,completed,1093.81,1.0,,credit_card,-97.11999999999989,1.0974425347901553,Complete,True
ORD-00335,41dbf980-21b1-44f8-a656-219252218f29,2026-04-03 04:41:01,4,2118.25,317.74,23.76,2459.75,USD,pending,2459.75,1.0,,credit_card,0.0,1.0,Complete,False
ORD-00336,41dbf980-21b1-44f8-a656-219252218f29,2026-03-08 10:11:14,4,2988.1400000000003,448.22,9.94,3446.3,EUR,shipped,3161.74,3.0,0.01,credit_card,284.5600000000004,0.9174302875547687,Partial (>50%),False
ORD-00337,cba645e1-ea2d-4dd5-9963-a2615cbfce95,2026-03-02 16:06:20,3,1172.24,175.84,3.26,1351.34,EUR,shipped,1239.76,1.0,,paypal,111.57999999999993,0.9174301064128939,Partial (>50%),False
ORD-00338,8eebb05c-6cfb-4790-9893-581a76530d9c,2026-01-23 04:36:40,1,108.58,16.29,19.6,144.47,USD,pending,144.47,1.0,,paypal,0.0,1.0,Complete,False
ORD-00339,a2fec15b-478f-4d2c-a157-93a6aa70e803,2026-02-14 21:08:49,4,2883.13,432.47,22.74,3338.34,EUR,completed,3062.7,3.0,0.0,"paypal, credit_card",275.6400000000003,0.9174320171103002,Partial (>50%),False
ORD-00340,b54583a1-6828-4363-ac11-086f39c3573b,2026-02-14 17:10:21,1,658.04,98.71,6.26,763.01,USD,cancelled,0.0,0.0,,,763.01,0.0,Missing,False
ORD-00341,ab76031b-68b7-4bdd-a199-9d12a156efb2,2026-03-28 15:05:24,1,402.38,60.36,7.64,470.38,USD,completed,470.38,1.0,,credit_card,0.0,1.0,Complete,False
ORD-00342,41dbf980-21b1-44f8-a656-219252218f29,2026-01-23 06:51:33,1,11.08,1.66,11.92,24.66,USD,completed,47.01,2.0,1.63,"credit_card, bank_transfer",-22.349999999999998,1.9063260340632602,Complete,True
ORD-00343,1f7541c0-8fa1-4ff7-9896-9b0dde78279c,2026-04-05 07:20:19,1,17.98,2.7,8.59,29.27,USD,shipped,0.0,0.0,,,29.27,0.0,Missing,False
ORD-00344,1c7c9de3-1287-48e7-9bee-e8cec06acff2,2026-01-18 22:29:58,4,1314.22,197.13,7.83,1519.18,EUR,pending,1393.74,1.0,,crypto,125.44000000000005,0.9174291394041522,Partial (>50%),False
ORD-00345,bb9ed87f-d38e-4e49-918d-7397ee47ea54,2026-01-26 08:42:03,2,645.39,96.81,15.26,757.46,USD,completed,757.46,1.0,,credit_card,0.0,1.0,Complete,False
ORD-00346,1846d479-5d34-484a-b3ba-815f9ac12e07,2026-01-28 17:52:10,2,1540.62,231.09,11.06,1782.77,USD,shipped,1782.77,1.0,,credit_card,0.0,1.0,Complete,False
ORD-00347,94b380a3-8c63-45f6-bff2-67ae36bfe16d,2026-01-15 06:07:15,1,593.68,89.05,9.6,692.33,EUR,completed,635.17,2.0,0.01,"credit_card, bank_transfer",57.16000000000008,0.9174382158797104,Partial (>50%),False
ORD-00348,94b380a3-8c63-45f6-bff2-67ae36bfe16d,2026-03-25 11:01:27,2,377.61,56.64,13.83,448.08,USD,completed,448.08,1.0,,credit_card,0.0,1.0,Complete,False
ORD-00349,196a29a4-301f-4889-92af-c6145eb5d7c8,2026-02-17 05:41:42,3,1021.01,153.15,9.79,1183.95,USD,shipped,1183.95,1.0,,bank_transfer,0.0,1.0,Complete,False
ORD-00350,1ae54582-7d0a-4fab-9690-913db82e1de3,2026-03-25 02:17:22,4,1362.7,204.41,22.22,1589.33,USD,completed,894.3,2.0,0.01,"paypal, credit_card",695.03,0.5626899385275557,Partial (>50%),False
ORD-00351,e7b3525d-2e33-4263-b0cd-4e32541a4f1c,2026-04-04 14:05:38,2,1233.5500000000002,185.03,10.52,1429.1,USD,completed,0.0,0.0,,,1429.1,0.0,Missing,False
ORD-00352,b294b581-be0f-49c2-92c0-b835503a837b,2026-02-24 21:50:55,1,26.52,3.98,1.69,32.19,USD,pending,0.0,0.0,,,32.19,0.0,Missing,False
ORD-00353,438c0459-0871-4538-a16c-c321aedef7c4,2026-03-19 18:29:55,4,2071.14,310.67,17.55,2399.36,USD,completed,0.0,0.0,,,2399.36,0.0,Missing,False
ORD-00354,625f64d1-8564-4e92-bb51-1217073e2c12,2026-01-24 03:09:57,2,601.5,90.22,12.78,704.5,USD,shipped,704.5,1.0,,bank_transfer,0.0,1.0,Complete,False
ORD-00355,2fc20c14-ace1-40a3-ab28-3169a00ab97d,2026-03-28 16:19:57,3,1870.95,280.64,17.03,2168.62,USD,completed,2168.62,1.0,,paypal,0.0,1.0,Complete,False
ORD-00356,1ae54582-7d0a-4fab-9690-913db82e1de3,2026-03-14 13:01:21,1,252.03,37.8,23.12,312.95,USD,completed,264.14,1.0,,credit_card,48.81,0.844032593065985,Partial (>50%),False
ORD-00357,88b8947c-1ecc-491e-a6a2-48be4da12d5a,2026-03-31 00:48:36,3,1514.78,227.22,0.32,1742.32,USD,pending,0.0,0.0,,,1742.32,0.0,Missing,False
ORD-00358,da4c3d17-4030-4e20-88c8-36e601220db5,2026-01-20 14:40:08,3,2036.5,305.47,4.17,2346.14,USD,shipped,2346.14,1.0,,credit_card,0.0,1.0,Complete,False
ORD-00359,171ae4ab-341e-45bf-97de-fe3cf8a2eed2,2026-03-25 15:03:00,1,773.72,116.06,0.73,890.51,EUR,completed,816.98,1.0,,paypal,73.52999999999997,0.9174293382443769,Partial (>50%),False
ORD-00360,dea3164e-968f-4dcf-b019-15c48e65ec2c,2026-01-11 08:32:04,3,1382.39,207.36,11.38,1601.13,USD,completed,1351.41,1.0,,crypto,249.72000000000003,0.8440351501751888,Partial (>50%),False
ORD-00361,ceef8550-9848-48eb-90a8-159882c2f80c,2026-01-17 23:16:11,2,636.5699999999999,95.49,2.57,734.63,USD,completed,734.63,2.0,0.01,"credit_card, bank_transfer",0.0,1.0,Complete,False
ORD-00362,a01dbcbd-4b72-4ce3-8f35-5497ae956e0a,2026-02-02 17:21:55,5,1320.67,198.1,23.01,1541.78,USD,refunded,0.0,0.0,,,1541.78,0.0,Missing,False
ORD-00363,785de690-57e6-4823-a128-3068a2634c45,2026-03-31 12:45:58,5,2669.16,400.37,22.9,3092.43,USD,shipped,3092.43,1.0,,credit_card,0.0,1.0,Complete,False
ORD-00364,c822919d-ed62-4905-b89b-3ba7ebefa99e,2026-02-13 15:34:26,3,866.95,130.04,5.58,1002.57,USD,pending,1002.57,1.0,,credit_card,0.0,1.0,Complete,False
ORD-00365,fc3f076c-f66e-41ae-9068-05382a2a877f,2026-01-28 20:38:55,1,878.22,131.73,21.65,1031.6,USD,completed,1031.6,1.0,,credit_card,0.0,1.0,Complete,False
ORD-00366,ddb82008-207d-46b8-8ca3-af17bbdd50dd,2026-02-10 21:11:14,5,2664.93,399.74,6.06,3070.73,USD,refunded,0.0,0.0,,,3070.73,0.0,Missing,False
ORD-00367,96a1eaf9-2935-44a8-bad7-3c887c674842,2026-02-24 09:09:14,5,1688.48,253.27,8.66,1950.41,EUR,shipped,2125.95,1.0,,bank_transfer,-175.53999999999974,1.0900015894094062,Complete,True
ORD-00368,3f6dd4e2-7e60-49d6-9ce4-e95e7d8b98e5,2026-02-06 21:23:14,1,761.34,114.2,9.41,884.95,USD,completed,884.95,1.0,,bank_transfer,0.0,1.0,Complete,False
ORD-00369,df6d4e61-7b8e-460d-8bbe-975bd1f685f5,2026-02-21 22:27:45,5,3494.25,524.14,7.0,4025.39,USD,completed,4025.39,1.0,,paypal,0.0,1.0,Complete,False
ORD-00370,6c74ee4b-343b-405e-a7b0-caa2c174783e,2026-03-02 07:27:48,4,2151.47,322.72,2.39,2476.58,USD,shipped,2476.58,1.0,,paypal,0.0,1.0,Complete,False
ORD-00371,99aa1be7-51d0-4272-942e-d9d0eadc5edb,2026-04-02 20:44:24,5,2490.13,373.52,7.88,2871.53,EUR,completed,2634.43,1.0,,crypto,237.10000000000036,0.917430777320801,Partial (>50%),False
ORD-00372,4736fb26-6346-48d5-9430-a66df12044b1,2026-01-06 19:42:55,3,1643.63,246.54,3.4,1893.57,USD,pending,1247.22,1.0,,bank_transfer,646.3499999999999,0.6586606251683329,Partial (>50%),False
ORD-00373,00e42e79-14cd-4a5c-b82a-efde7f5003f6,2026-03-12 12:36:43,2,775.96,116.39,3.02,895.37,USD,shipped,895.37,1.0,,credit_card,0.0,1.0,Complete,False
ORD-00374,b6fa1f68-2a3c-4fef-8386-e425564ad761,2026-02-04 19:00:32,3,1422.19,213.33,20.19,1655.71,USD,completed,1655.71,1.0,,credit_card,0.0,1.0,Complete,False
ORD-00375,da48e822-e195-406f-a645-ccc4f03e19ba,2026-03-22 05:59:38,1,222.87,33.43,21.41,277.71,USD,completed,277.71,1.0,,credit_card,0.0,1.0,Complete,False
ORD-00376,914dffdd-25c5-46d1-9223-bd26b81e3aff,2026-01-17 10:14:34,4,2457.08,368.56,0.78,2826.42,USD,completed,2826.42,2.0,0.0,"credit_card, paypal",0.0,1.0,Complete,False
ORD-00377,3a450645-a8e3-4c6d-9b10-2eb249c7432d,2026-01-29 14:25:16,2,214.67,32.2,19.85,266.72,USD,pending,234.06,1.0,,credit_card,32.660000000000025,0.8775494901019795,Partial (>50%),False
ORD-00378,0c572699-f98c-422f-bc15-9565da30ffde,2026-01-08 10:30:10,2,612.73,91.91,17.16,721.8,EUR,pending,662.2,1.0,,paypal,59.59999999999991,0.917428650595733,Partial (>50%),False
ORD-00379,d6ce647c-bc1f-4618-a6a9-a86b08d45dd1,2026-02-23 08:00:25,3,1999.68,299.95,4.94,2304.57,USD,shipped,2304.57,1.0,,bank_transfer,0.0,1.0,Complete,False
ORD-00380,41dbf980-21b1-44f8-a656-219252218f29,2026-02-02 05:23:53,3,1134.29,170.14,23.1,1327.53,USD,completed,1327.53,1.0,,credit_card,0.0,1.0,Complete,False
ORD-00381,da4c3d17-4030-4e20-88c8-36e601220db5,2026-03-19 02:32:12,1,388.9,58.33,10.67,457.9,USD,cancelled,0.0,0.0,,,457.9,0.0,Missing,False
ORD-00382,b54583a1-6828-4363-ac11-086f39c3573b,2026-02-20 16:05:29,3,1226.67,184.0,15.42,1426.09,USD,completed,1426.09,1.0,,paypal,0.0,1.0,Complete,False
ORD-00383,3a450645-a8e3-4c6d-9b10-2eb249c7432d,2026-01-29 06:30:40,4,710.6700000000001,106.6,22.12,839.39,USD,completed,1287.44,2.0,276.72,credit_card,-448.05000000000007,1.5337804834463122,Complete,True
ORD-00384,286281f4-9230-408b-b5b5-7ea752ad6bc8,2026-03-11 10:02:00,1,989.51,148.43,19.55,1157.49,USD,completed,1157.49,1.0,,paypal,0.0,1.0,Complete,False
ORD-00385,e21c1e52-cf67-4fa0-a75a-8609bb893f64,2026-02-19 12:16:49,3,1815.42,272.31,4.5,2092.23,USD,completed,2092.23,1.0,,paypal,0.0,1.0,Complete,False
ORD-00386,695e7742-c4a2-44d2-9adb-51cb4c67bb54,2026-04-04 17:02:22,1,810.57,121.59,11.79,943.95,USD,completed,943.95,1.0,,paypal,0.0,1.0,Complete,False
ORD-00387,1303d8b4-a905-47b3-8c76-41c1f262e122,2026-01-12 21:39:10,2,769.43,115.41,6.66,891.5,EUR,cancelled,0.0,0.0,,,891.5,0.0,Missing,False
ORD-00388,88b8947c-1ecc-491e-a6a2-48be4da12d5a,2026-02-11 17:16:20,2,1562.7800000000002,234.42,9.71,1806.91,EUR,refunded,0.0,0.0,,,1806.91,0.0,Missing,False
ORD-00389,5b68a853-8383-4472-9e9d-40dfbb9e9ef0,2026-01-06 06:33:46,2,569.01,85.35,18.45,672.81,USD,completed,672.81,1.0,,credit_card,0.0,1.0,Complete,False
ORD-00390,bdb7460d-5c43-4a7d-924c-405a402378af,2026-01-23 06:35:21,5,3202.74,480.41,12.31,3695.46,USD,completed,3695.46,1.0,,paypal,0.0,1.0,Complete,False
ORD-00391,41dbf980-21b1-44f8-a656-219252218f29,2026-01-18 16:27:08,1,240.3,36.05,5.47,281.82,USD,pending,182.28,1.0,,credit_card,99.53999999999999,0.646795827123696,Partial (>50%),False
ORD-00392,625f64d1-8564-4e92-bb51-1217073e2c12,2026-04-01 14:55:17,2,1155.73,173.36,4.44,1333.53,EUR,shipped,0.0,0.0,,,1333.53,0.0,Missing,False
ORD-00393,438c0459-0871-4538-a16c-c321aedef7c4,2026-02-09 18:22:33,1,156.23,23.43,17.62,197.28,USD,pending,197.28,1.0,,credit_card,0.0,1.0,Complete,False
ORD-00394,93c9fadb-9520-40e4-a952-671025a3242c,2026-02-06 19:51:28,3,2283.3,342.5,9.89,2635.69,USD,completed,4021.9,2.0,883.52,"bank_transfer, paypal",-1386.21,1.5259381793761786,Complete,True
ORD-00395,bb9ed87f-d38e-4e49-918d-7397ee47ea54,2026-01-22 19:29:36,2,1177.53,176.63,15.98,1370.14,USD,completed,1370.14,1.0,,credit_card,0.0,1.0,Complete,False
ORD-00396,465a7a42-0e96-4cbb-ad56-60ad1ac76e77,2026-01-16 11:40:35,5,2110.53,316.58,17.21,2444.32,USD,completed,1523.2,1.0,,paypal,921.1200000000001,0.6231589971853112,Partial (>50%),False
ORD-00397,c822919d-ed62-4905-b89b-3ba7ebefa99e,2026-02-26 21:47:45,4,2387.44,358.12,7.96,2753.52,EUR,completed,0.0,0.0,,,2753.52,0.0,Missing,False
ORD-00398,bf3c8405-e80d-4159-a07c-0eedf0a0f2fa,2026-02-24 20:42:53,5,1392.52,208.88,7.99,1609.39,USD,refunded,0.0,0.0,,,1609.39,0.0,Missing,False
ORD-00399,bf3c8405-e80d-4159-a07c-0eedf0a0f2fa,2026-02-23 00:25:21,3,981.77,147.27,1.69,1130.73,USD,pending,954.38,1.0,,credit_card,176.35000000000002,0.8440388067885348,Partial (>50%),False
ORD-00400,a6dff5b1-644f-4924-9907-4990cae23012,2026-01-23 00:43:55,1,392.08,58.81,18.31,469.2,EUR,shipped,511.43,1.0,,credit_card,-42.23000000000002,1.0900042625745952,Complete,True
ORD-00401,cba645e1-ea2d-4dd5-9963-a2615cbfce95,2026-03-30 10:51:09,4,2360.67,354.1,14.45,2729.22,USD,completed,0.0,0.0,,,2729.22,0.0,Missing,False
ORD-00402,b6fa1f68-2a3c-4fef-8386-e425564ad761,2026-01-28 04:01:54,1,801.2,120.18,0.84,922.22,USD,completed,0.0,0.0,,,922.22,0.0,Missing,False
ORD-00403,eba11ed0-9a24-4448-a46a-da1c0ff9c71d,2026-02-08 11:00:24,1,348.39,52.26,22.2,422.85,USD,pending,482.66,1.0,,paypal,-59.81,1.1414449568404872,Complete,True
ORD-00404,41dbf980-21b1-44f8-a656-219252218f29,2026-02-20 02:37:53,3,1703.51,255.53,0.77,1959.81,EUR,completed,1875.26,1.0,,credit_card,84.54999999999995,0.9568580627713911,Partial (>50%),False
ORD-00405,51409795-b50e-40fa-bbee-34aeae4cbc2d,2026-03-03 02:40:47,2,400.8,60.12,24.36,485.28,USD,completed,853.02,2.0,23.92,"credit_card, bank_transfer",-367.74,1.7577893175074184,Complete,True
ORD-00406,7e7d7be4-411f-4597-8f52-1bee0c39e867,2026-02-14 02:12:20,3,1073.38,161.01,9.82,1244.21,USD,completed,1244.21,1.0,,credit_card,0.0,1.0,Complete,False
ORD-00407,8461d346-5875-4263-9e8a-d76878811453,2026-01-20 10:12:26,3,936.19,140.43,15.63,1092.25,USD,pending,981.83,1.0,,paypal,110.41999999999996,0.8989059281300069,Partial (>50%),False
ORD-00408,df6d4e61-7b8e-460d-8bbe-975bd1f685f5,2026-04-04 19:16:30,2,1619.1,242.86,11.84,1873.8,USD,shipped,0.0,0.0,,,1873.8,0.0,Missing,False
ORD-00409,b294b581-be0f-49c2-92c0-b835503a837b,2026-03-12 17:01:27,4,2207.38,331.11,9.28,2547.77,USD,completed,2547.77,1.0,,credit_card,0.0,1.0,Complete,False
ORD-00410,24b19358-8f81-4e62-800f-e4d18f79d24b,2026-02-20 11:23:54,3,1554.82,233.22,14.11,1802.15,USD,completed,1802.15,1.0,,bank_transfer,0.0,1.0,Complete,False
ORD-00411,874d4cfd-6507-4a1c-b465-012d770d526e,2026-01-09 12:59:07,1,671.46,100.72,20.2,792.38,USD,shipped,0.0,0.0,,,792.38,0.0,Missing,False
ORD-00412,a01dbcbd-4b72-4ce3-8f35-5497ae956e0a,2026-01-16 18:05:43,5,2647.1400000000003,397.07,23.41,3067.62,USD,completed,3067.62,1.0,,bank_transfer,0.0,1.0,Complete,False
ORD-00413,689394ba-1004-4c81-bc65-2473d37de10a,2026-02-21 15:18:53,1,400.86,60.13,21.35,482.34,USD,completed,810.69,2.0,108.89,credit_card,-328.3500000000001,1.6807438736161215,Complete,True
ORD-00414,4d0f01d7-153d-429b-b2ad-2a1fdf7da009,2026-03-24 15:33:33,5,2374.6800000000003,356.2,24.61,2755.49,EUR,shipped,2527.97,1.0,,credit_card,227.51999999999998,0.917430293704568,Partial (>50%),False
ORD-00415,661c46b2-9e04-4295-8cf2-de63eeee7569,2026-02-25 14:51:01,1,429.14,64.37,24.71,518.22,USD,refunded,0.0,0.0,,,518.22,0.0,Missing,False
ORD-00416,e7f65ef4-1a35-460d-b5d0-a9b4e2e356d2,2026-01-29 13:59:45,2,1101.08,165.16,22.77,1289.01,EUR,pending,481.2,1.0,,paypal,807.81,0.37330974934251865,Partial (<50%),False
ORD-00417,0476a4fe-315e-4cd0-a8eb-8e22030a634b,2026-01-26 04:46:25,5,2358.0,353.7,19.66,2731.36,USD,completed,5233.99,2.0,161.74,"credit_card, bank_transfer",-2502.6299999999997,1.916257834924726,Complete,True
ORD-00418,145036a5-31fe-4f01-9d9b-d96ca2b6a4ac,2026-03-22 23:31:02,1,420.3,63.05,3.7,487.05,USD,shipped,487.05,1.0,,paypal,0.0,1.0,Complete,False
ORD-00419,2902c6c4-07bb-4e27-bc40-267195ff3774,2026-02-19 13:02:05,1,567.06,85.06,2.52,654.64,USD,completed,999.89,2.0,218.77,"paypal, crypto",-345.25,1.5273890993523158,Complete,True
ORD-00420,c51e7d4e-c1f4-41a4-a8a2-2f54b45570a6,2026-02-10 07:43:40,4,1984.36,297.65,4.3,2286.31,USD,completed,2286.31,1.0,,paypal,0.0,1.0,Complete,False
ORD-00421,fc3f076c-f66e-41ae-9068-05382a2a877f,2026-01-25 07:23:56,1,401.83,60.27,21.97,484.07,USD,pending,242.04,1.0,,credit_card,242.03,0.5000103290846365,Partial (>50%),False
ORD-00422,2b786206-a81b-4f1e-b76a-29d5f60f8f17,2026-01-09 06:19:17,3,1747.3,262.09,7.58,2016.97,USD,completed,2016.97,1.0,,credit_card,0.0,1.0,Complete,False
ORD-00423,2902c6c4-07bb-4e27-bc40-267195ff3774,2026-02-23 19:36:27,2,1117.52,167.63,11.08,1296.23,EUR,completed,1189.2,1.0,,paypal,107.02999999999997,0.9174297771228872,Partial (>50%),False
ORD-00424,eea3a477-0b62-4cfd-aae5-8c0593b0244a,2026-02-21 03:44:54,5,2633.71,395.06,18.99,3047.76,EUR,shipped,2796.11,1.0,,crypto,251.6500000000001,0.9174311625587316,Partial (>50%),False
ORD-00425,6ad0bb93-6f9f-4d84-bc67-3cafe9107f30,2026-03-05 13:14:58,2,787.4300000000001,118.11,10.08,915.62,USD,completed,772.82,1.0,,paypal,142.79999999999995,0.8440401039732641,Partial (>50%),False
ORD-00426,ceef8550-9848-48eb-90a8-159882c2f80c,2026-03-26 13:19:10,1,182.0,27.3,21.88,231.18,USD,pending,97.81,1.0,,crypto,133.37,0.42309023271909335,Partial (<50%),False
ORD-00427,84aea9a5-cf07-44cc-98ec-7cc43a596913,2026-01-27 03:05:43,4,1008.61,151.29,11.61,1171.51,USD,cancelled,0.0,0.0,,,1171.51,0.0,Missing,False
ORD-00428,89f86a74-7fde-4dd8-ac33-92c3dfd46327,2026-01-22 10:45:37,2,976.84,146.53,4.44,1127.81,EUR,completed,0.0,0.0,,,1127.81,0.0,Missing,False
ORD-00429,3eb2e4db-07a6-45f6-b7c1-887f4cabd887,2026-03-23 11:24:39,3,1818.9,272.83,17.22,2108.95,USD,completed,2108.95,1.0,,paypal,0.0,1.0,Complete,False
ORD-00430,50fceb14-6562-4056-aa09-23eb766fd228,2026-02-17 08:14:02,5,1680.87,252.13,16.29,1949.29,USD,shipped,0.0,0.0,,,1949.29,0.0,Missing,False
ORD-00431,901d735b-acec-4517-987c-b9618119b19f,2026-04-02 02:44:09,4,2186.81,328.02,6.31,2521.14,EUR,completed,2493.39,1.0,,credit_card,27.75,0.9889930745615079,Partial (>50%),False
ORD-00432,f57eaca3-01dc-4601-9043-f0e1c09ace93,2026-02-03 00:27:56,3,1167.5,175.12,6.3,1348.92,USD,completed,1370.02,1.0,,credit_card,-21.09999999999991,1.015642143344305,Complete,False
ORD-00433,a5e9681b-f6ce-44f7-9e6a-9da612ab41b4,2026-02-17 02:25:12,4,2572.17,385.83,20.98,2978.98,USD,completed,2978.98,2.0,0.0,"paypal, bank_transfer",0.0,1.0,Complete,False
ORD-00434,c1a00f7d-0863-4f71-b68e-db7750dd0ee3,2026-02-10 19:46:25,3,1517.41,227.61,6.91,1751.93,USD,completed,1751.93,1.0,,bank_transfer,0.0,1.0,Complete,False
ORD-00435,689394ba-1004-4c81-bc65-2473d37de10a,2026-02-20 19:22:19,2,926.25,138.94,22.49,1087.68,EUR,shipped,997.87,1.0,,credit_card,89.81000000000006,0.9174297587525743,Partial (>50%),False
ORD-00436,bb5fdeb0-4d79-4834-8da7-7e0a4ed0d891,2026-03-12 22:31:59,4,2730.8,409.62,24.94,3165.36,USD,completed,0.0,0.0,,,3165.36,0.0,Missing,False
ORD-00437,0476a4fe-315e-4cd0-a8eb-8e22030a634b,2026-02-13 06:45:39,1,587.19,88.08,24.87,700.14,EUR,completed,428.22,2.0,0.0,"paypal, credit_card",271.91999999999996,0.61162053303625,Partial (>50%),False
ORD-00438,0c572699-f98c-422f-bc15-9565da30ffde,2026-03-08 06:53:31,5,2736.27,410.44,4.25,3150.96,USD,completed,3150.96,1.0,,credit_card,0.0,1.0,Complete,False
ORD-00439,15d71840-2c04-4eef-967f-9637749eed4d,2026-02-19 18:03:29,1,476.07,71.41,18.52,566.0,USD,completed,566.0,1.0,,credit_card,0.0,1.0,Complete,False
ORD-00440,958a3388-1442-4265-87bf-3952cc6b71da,2026-02-19 02:35:10,3,1119.01,167.85,21.79,1308.65,USD,shipped,1104.55,1.0,,credit_card,204.10000000000014,0.8440377488251251,Partial (>50%),False
ORD-00441,31b6255d-43df-4772-9500-2809af2a5203,2026-02-09 12:05:29,3,1185.43,177.81,1.34,1364.58,USD,completed,1364.58,1.0,,credit_card,0.0,1.0,Complete,False
ORD-00442,41cd2d53-0f79-4736-87ed-07eed564097a,2026-01-16 14:48:35,1,477.5,71.62,4.86,553.98,USD,completed,553.98,1.0,,credit_card,0.0,1.0,Complete,False
ORD-00443,b7b969fe-571c-4718-8e7e-89eb885a6a6e,2026-01-26 03:10:08,3,1450.39,217.56,24.81,1692.76,USD,refunded,0.0,0.0,,,1692.76,0.0,Missing,False
ORD-00444,05a46dfe-be03-4949-98a5-5c7cb7b193ee,2026-01-19 00:23:22,2,1041.73,156.26,19.47,1217.46,USD,completed,0.0,0.0,,,1217.46,0.0,Missing,False
ORD-00445,94eac905-3674-4b1c-a704-76ff48a9311e,2026-01-13 22:09:58,3,933.61,140.04,19.03,1092.68,USD,shipped,1092.68,1.0,,bank_transfer,0.0,1.0,Complete,False
ORD-00446,3d28f496-fcd3-4dad-976c-c298823fae46,2026-02-27 10:54:59,1,138.11,20.72,10.84,169.67,USD,completed,294.75,2.0,31.53,"bank_transfer, crypto",-125.08000000000001,1.7371957328932635,Complete,True
ORD-00447,31a1e3de-fcdf-4e75-b3bc-92bf5c74ab90,2026-03-01 04:26:18,4,2236.98,335.55,22.3,2594.83,USD,completed,2594.83,1.0,,credit_card,0.0,1.0,Complete,False
ORD-00448,a3485801-a5ad-4bd1-a31d-768ab6eaf134,2026-03-21 22:57:45,1,630.42,94.56,6.22,731.2,USD,completed,757.82,1.0,,bank_transfer,-26.620000000000005,1.0364059080962802,Complete,False
ORD-00449,1c7c9de3-1287-48e7-9bee-e8cec06acff2,2026-01-22 14:24:00,1,389.71,58.46,14.72,462.89,USD,shipped,462.89,1.0,,credit_card,0.0,1.0,Complete,False
ORD-00450,689394ba-1004-4c81-bc65-2473d37de10a,2026-02-06 17:40:04,3,1515.34,227.3,10.84,1753.48,USD,pending,1817.37,1.0,,credit_card,-63.88999999999987,1.036436115610101,Complete,False
ORD-00451,3d28f496-fcd3-4dad-976c-c298823fae46,2026-01-15 18:01:03,3,1833.67,275.05,20.3,2129.02,USD,completed,1796.97,1.0,,credit_card,332.04999999999995,0.8440362232388611,Partial (>50%),False
ORD-00452,1c7c9de3-1287-48e7-9bee-e8cec06acff2,2026-01-07 16:54:24,2,1330.54,199.58,4.22,1534.34,USD,completed,1534.34,1.0,,paypal,0.0,1.0,Complete,False
ORD-00453,785de690-57e6-4823-a128-3068a2634c45,2026-03-25 09:42:18,4,1738.5,260.77,24.87,2024.14,USD,completed,2120.91,1.0,,paypal,-96.76999999999975,1.0478079579475728,Complete,False
ORD-00454,4beffbb2-5c29-4d17-b32b-97079a3b61c7,2026-03-19 07:15:38,1,692.85,103.93,10.42,807.2,USD,completed,807.2,1.0,,crypto,0.0,1.0,Complete,False
ORD-00455,2b786206-a81b-4f1e-b76a-29d5f60f8f17,2026-02-17 21:53:33,2,902.32,135.35,0.23,1037.9,USD,pending,1037.9,1.0,,credit_card,0.0,1.0,Complete,False
ORD-00456,6c74ee4b-343b-405e-a7b0-caa2c174783e,2026-03-09 00:13:36,3,1754.93,263.24,22.47,2040.64,USD,completed,2040.64,1.0,,crypto,0.0,1.0,Complete,False
ORD-00457,c1a00f7d-0863-4f71-b68e-db7750dd0ee3,2026-03-12 00:14:13,1,786.91,118.04,12.44,917.39,USD,shipped,917.39,1.0,,paypal,0.0,1.0,Complete,False
ORD-00458,6c74ee4b-343b-405e-a7b0-caa2c174783e,2026-01-25 11:07:11,2,780.0,117.0,4.01,901.01,USD,cancelled,0.0,0.0,,,901.01,0.0,Missing,False
ORD-00459,41a6dfa0-803c-4377-b6a4-0fc4201d92ee,2026-03-13 10:57:00,3,362.89,54.43,2.76,420.08,USD,completed,420.08,1.0,,credit_card,0.0,1.0,Complete,False
ORD-00460,41dbf980-21b1-44f8-a656-219252218f29,2026-03-23 16:50:59,5,2826.44,423.97,24.43,3274.84,USD,pending,3274.84,2.0,0.0,bank_transfer,0.0,1.0,Complete,False
ORD-00461,5b68a853-8383-4472-9e9d-40dfbb9e9ef0,2026-01-22 00:55:19,1,853.73,128.06,9.01,990.8,USD,completed,990.8,1.0,,credit_card,0.0,1.0,Complete,False
ORD-00462,2ca9efb0-fd74-4ccb-b10d-8685550ba68b,2026-03-17 14:39:16,1,852.73,127.91,22.26,1002.9,USD,pending,846.49,1.0,,credit_card,156.40999999999997,0.8440422773955529,Partial (>50%),False
ORD-00463,ad807b4e-53db-4ad9-b9f7-6ee167725b6f,2026-03-09 22:00:00,2,1230.95,184.64,23.88,1439.47,USD,completed,1439.47,1.0,,credit_card,0.0,1.0,Complete,False
ORD-00464,31b6255d-43df-4772-9500-2809af2a5203,2026-02-17 23:18:19,3,1560.5,234.07,6.8,1801.37,USD,shipped,2855.7,2.0,528.24,credit_card,-1054.33,1.5852934155670406,Complete,True
ORD-00465,145036a5-31fe-4f01-9d9b-d96ca2b6a4ac,2026-01-14 06:05:31,2,821.1400000000001,123.17,1.47,945.78,EUR,completed,867.69,1.0,,paypal,78.08999999999992,0.9174332297151558,Partial (>50%),False
ORD-00466,eea3a477-0b62-4cfd-aae5-8c0593b0244a,2026-02-24 19:40:43,5,2901.46,435.22,15.28,3351.96,EUR,shipped,0.0,0.0,,,3351.96,0.0,Missing,False
ORD-00467,1c7c9de3-1287-48e7-9bee-e8cec06acff2,2026-01-13 11:22:17,4,1515.68,227.35,6.54,1749.57,USD,completed,1749.57,2.0,0.01,"paypal, credit_card",0.0,1.0,Complete,False
ORD-00468,93c9fadb-9520-40e4-a952-671025a3242c,2026-03-21 00:22:12,5,3312.81,496.92,17.21,3826.94,USD,completed,3826.94,1.0,,paypal,0.0,1.0,Complete,False
ORD-00469,0eafeb30-3bb2-49c2-8623-d87be72f1f42,2026-01-26 18:24:57,4,2263.49,339.52,13.96,2616.97,EUR,pending,980.95,1.0,,paypal,1636.0199999999998,0.3748418973087197,Partial (<50%),False
ORD-00470,f57eaca3-01dc-4601-9043-f0e1c09ace93,2026-01-25 20:56:07,2,985.11,147.77,12.4,1145.28,USD,shipped,1145.28,3.0,0.0,"credit_card, paypal",0.0,1.0,Complete,False
ORD-00471,fd63d3cd-f6f6-4e19-8bfa-e6bd9ae73c33,2026-01-23 07:35:55,2,622.97,93.45,12.67,729.09,USD,completed,1353.38,2.0,74.1,"credit_card, paypal",-624.2900000000001,1.856259172392983,Complete,True
ORD-00472,9df0917f-3a40-4c1e-a3fd-f8c98f6467e2,2026-01-25 03:54:53,1,464.5,69.67,20.03,554.2,USD,shipped,554.2,1.0,,credit_card,0.0,1.0,Complete,False
ORD-00473,3d4f2ac2-19c6-46a0-8d3e-23c0da653a49,2026-03-27 17:39:44,3,1286.76,193.01,2.57,1482.34,USD,completed,1482.34,1.0,,bank_transfer,0.0,1.0,Complete,False
ORD-00474,a6dff5b1-644f-4924-9907-4990cae23012,2026-02-12 23:36:12,1,793.87,119.08,24.08,937.03,USD,shipped,790.89,1.0,,credit_card,146.14,0.8440391449580056,Partial (>50%),False
ORD-00475,465a7a42-0e96-4cbb-ad56-60ad1ac76e77,2026-03-18 21:14:22,2,1119.6999999999998,167.95,8.52,1296.17,EUR,shipped,1189.15,1.0,,credit_card,107.01999999999998,0.917433669966131,Partial (>50%),False
ORD-00476,c6061ad3-247b-48c7-88ee-085c537f3dad,2026-02-02 09:05:59,3,1666.5099999999998,249.98,16.43,1932.92,USD,pending,1491.15,1.0,,credit_card,441.77,0.7714494133228483,Partial (>50%),False
ORD-00477,0c572699-f98c-422f-bc15-9565da30ffde,2026-02-05 03:29:02,1,347.94,52.19,20.75,420.88,EUR,completed,386.13,1.0,,credit_card,34.75,0.9174348983083064,Partial (>50%),False
ORD-00478,6c74ee4b-343b-405e-a7b0-caa2c174783e,2026-02-28 15:00:13,3,932.91,139.94,3.51,1076.36,USD,completed,1076.36,1.0,,paypal,0.0,1.0,Complete,False
ORD-00479,00e42e79-14cd-4a5c-b82a-efde7f5003f6,2026-01-09 04:38:04,3,1741.32,261.2,9.82,2012.34,USD,shipped,0.0,0.0,,,2012.34,0.0,Missing,False
ORD-00480,64bf5824-81e3-483f-bf32-728238028789,2026-03-14 14:48:55,1,759.58,113.94,1.16,874.68,USD,completed,477.47,1.0,,paypal,397.2099999999999,0.5458796359811589,Partial (>50%),False
ORD-00481,d81b1046-a995-41e6-9389-15b477c63557,2026-01-12 22:10:22,4,2529.61,379.44,0.11,2909.16,USD,completed,4778.81,2.0,735.04,"credit_card, crypto",-1869.6500000000005,1.642676923923057,Complete,True
ORD-00482,7ec0773c-55ef-4b30-822a-c95911fe619d,2026-03-06 23:44:37,5,2691.5,403.72,18.26,3113.48,USD,completed,3113.48,1.0,,credit_card,0.0,1.0,Complete,False
ORD-00483,bb5fdeb0-4d79-4834-8da7-7e0a4ed0d891,2026-01-20 20:01:05,5,3680.22,552.03,19.06,4251.31,USD,refunded,0.0,0.0,,,4251.31,0.0,Missing,False
ORD-00484,15d71840-2c04-4eef-967f-9637749eed4d,2026-01-21 06:47:04,4,2447.62,367.14,12.81,2827.57,EUR,completed,2594.1,1.0,,credit_card,233.47000000000025,0.9174308682013177,Partial (>50%),False
ORD-00485,f762aa0b-c1ea-48c9-851a-1df88a47de32,2026-02-28 07:30:25,5,2122.58,318.39,16.81,2457.78,EUR,completed,2254.84,1.0,,credit_card,202.94000000000005,0.9174295502445295,Partial (>50%),False
ORD-00486,94eac905-3674-4b1c-a704-76ff48a9311e,2026-03-17 22:38:54,5,3230.66,484.6,14.57,3729.83,EUR,completed,3421.86,1.0,,credit_card,307.9699999999998,0.9174305531351296,Partial (>50%),False
ORD-00487,a0bb6a48-db10-4299-a86c-689e8a0bdc9e,2026-01-17 07:07:41,3,1329.5,199.42,2.66,1531.58,USD,pending,1531.58,1.0,,crypto,0.0,1.0,Complete,False
ORD-00488,88b8947c-1ecc-491e-a6a2-48be4da12d5a,2026-02-02 07:29:24,2,1061.99,159.3,24.59,1245.88,USD,pending,1245.88,3.0,0.01,"paypal, bank_transfer",0.0,1.0,Complete,False
ORD-00489,438c0459-0871-4538-a16c-c321aedef7c4,2026-03-11 19:52:21,3,1122.82,168.42,11.31,1302.55,USD,completed,0.0,0.0,,,1302.55,0.0,Missing,False
ORD-00490,465a7a42-0e96-4cbb-ad56-60ad1ac76e77,2026-01-30 06:33:01,2,1310.65,196.6,5.94,1513.19,USD,shipped,1513.19,1.0,,bank_transfer,0.0,1.0,Complete,False
ORD-00491,c5939592-b5a1-455a-8b02-116ed2e9a38f,2026-02-07 13:42:24,1,927.22,139.08,9.69,1075.99,EUR,refunded,0.0,0.0,,,1075.99,0.0,Missing,False
ORD-00492,f762aa0b-c1ea-48c9-851a-1df88a47de32,2026-02-10 05:07:08,5,2752.55,412.88,11.08,3176.51,USD,completed,3176.51,3.0,0.01,"credit_card, paypal",0.0,1.0,Complete,False
ORD-00493,ad807b4e-53db-4ad9-b9f7-6ee167725b6f,2026-03-01 05:00:44,3,1916.06,287.41,19.4,2222.87,EUR,completed,2039.33,1.0,,credit_card,183.53999999999996,0.9174310688434322,Partial (>50%),False
ORD-00494,94eac905-3674-4b1c-a704-76ff48a9311e,2026-01-15 00:28:17,1,195.11,29.27,4.34,228.72,USD,completed,228.72,1.0,,credit_card,0.0,1.0,Complete,False
ORD-00495,efd681f7-0b78-4975-a2bc-bf2ae6bba340,2026-02-10 18:54:42,3,1287.95,193.19,6.38,1487.52,USD,completed,1487.52,1.0,,credit_card,0.0,1.0,Complete,False
ORD-00496,82a6b66d-606b-4036-a90b-b9d5b529df00,2026-03-19 08:11:31,1,162.17,24.33,8.07,194.57,USD,cancelled,205.2,1.0,,credit_card,-10.629999999999995,1.054633293930205,Complete,True
ORD-00497,625f64d1-8564-4e92-bb51-1217073e2c12,2026-03-13 03:01:35,3,1437.1,215.56,19.6,1672.26,USD,completed,1672.26,1.0,,crypto,0.0,1.0,Complete,False
ORD-00498,a16ce7ab-3aaa-4299-9094-2e82c6f4ad79,2026-04-04 09:52:53,5,1652.05,247.81,5.53,1905.39,USD,completed,0.0,0.0,,,1905.39,0.0,Missing,False
ORD-00499,ba3ba624-44b3-42de-ab05-5a9c00d75429,2026-02-09 01:59:27,3,1516.58,227.49,24.92,1768.99,EUR,refunded,0.0,0.0,,,1768.99,0.0,Missing,False
ORD-00500,901d735b-acec-4517-987c-b9618119b19f,2026-01-12 17:44:44,1,672.25,100.84,11.14,784.23,EUR,completed,845.68,1.0,,credit_card,-61.44999999999993,1.078357114621986,Complete,True
