payment_id,order_id,payment_date,amount,currency,payment_method,transaction_status
1c8179b4-4adc-4768-9c1e-3805f08d4e35,ORD-00001,2026-01-23 01:31:07.328933,46.85,USD,paypal,success
17dfeaa5-95f4-4398-8507-9b0e240736d3,ORD-00002,2026-03-22 16:59:14.522432,684.57,USD,bank_transfer,success
abb8a3d5-b166-4f2a-b257-63d9185c97e7,ORD-00003,2026-04-02 23:22:57.611126,307.45,EUR,credit_card,success
793b4f2b-746b-4979-8797-642bf4229f6a,ORD-00003,2026-04-05 23:22:57.611126,307.45,EUR,paypal,success
cb461768-3ac1-4456-a48b-ae47db3d035a,ORD-00004,2026-03-03 20:32:09.841489,2665.87,EUR,credit_card,success
87f440c2-674b-4b8d-b94a-50c9b92519a5,ORD-00005,2026-02-18 16:46:44.054747,453.02,USD,bank_transfer,success
68d32cf6-1fba-4b3c-82d3-63f917d879ca,ORD-00005,2026-02-22 16:46:44.054747,369.26,USD,crypto,success
8555d617-d0e7-4648-855f-75736cdaf458,ORD-00006,2026-01-15 23:57:21.000000,2617.02,EUR,paypal,success
cf869417-b231-4544-a14b-fa6ecc38e663,ORD-00007,2026-02-24 17:36:18.230873,812.39,EUR,credit_card,success
475d91de-cc39-462a-a101-89270653b999,ORD-00008,2026-01-13 00:22:38.532990,473.7,EUR,credit_card,success
44b93b8b-ee8c-4cb1-a450-901c5dd7cc67,ORD-00009,2026-04-04 03:28:08.721681,1602.1,USD,crypto,success
4b56fa5a-66e5-4083-ae29-0a092159b291,ORD-00010,2026-01-23 08:56:49.000000,665.78,USD,bank_transfer,success
caab5a5d-5ae9-46ee-9646-0e683c848603,ORD-00011,2026-03-11 23:35:49.000000,273.07,USD,paypal,success
e2ad9685-7ee5-4b3a-9264-2d2a4d89c52f,ORD-00012,2026-01-22 07:01:09.028014,3369.79,EUR,credit_card,success
6a0f9b5a-ef1f-44b5-9d41-bed2b9b33503,ORD-00013,2026-03-08 20:49:20.634686,953.56,USD,credit_card,success
b578b857-ab63-4687-82c7-3049f9097c66,ORD-00014,2026-03-29 15:49:22.830722,189.51,USD,paypal,success
5a91c387-6239-44a8-b8cb-765f23cca86d,ORD-00015,2026-02-08 04:36:47.440623,2196.93,USD,paypal,success
061e24fa-21a9-44a3-9dda-205bd1e0069a,ORD-00016,2026-02-05 01:05:51.087019,1634.94,USD,credit_card,success
d660f387-6b46-499d-998e-f12871aefbae,ORD-00017,2026-03-09 23:44:25.097109,3306.97,USD,credit_card,success
09773e9a-bd9a-471f-9fef-52f6aca222d8,ORD-00018,2026-03-18 13:28:30.000000,-2281.7,USD,paypal,success
155a4d7a-53a5-4975-8366-b6d2c7fbfcaa,ORD-00019,2026-02-11 18:49:24.479318,1112.24,USD,credit_card,success
03c3b98f-48f9-465a-8259-a833c56d9efd,ORD-00020,2026-04-05 04:06:10.840543,2566.23,USD,credit_card,success
d09005d4-6874-490c-af14-f3ecba8396c1,ORD-00021,2026-03-16 02:15:52.783236,1305.73,USD,bank_transfer,success
20058748-ce60-4807-b5e8-1787785e381f,ORD-00022,2026-03-31 10:13:40.000000,295.34,USD,credit_card,success
c4c29dd3-9872-4c31-841b-12624e5f21b4,ORD-00023,2026-04-04 01:00:37.000000,615.97,USD,bank_transfer,success
371bbbe3-8c9f-45d5-ba55-769bf69fa2fb,ORD-00024,2026-01-16 13:15:05.717245,603.82,USD,credit_card,success
03822f29-a585-4530-a037-8bbbbc1a6589,ORD-00025,2026-03-01 05:23:13.000000,2746.17,USD,credit_card,success
ab9b95e1-5519-4077-a01e-62413a987bdc,ORD-00026,2026-01-27 07:36:51.000000,49.36,EUR,credit_card,success
ded46f34-0c87-462c-9cfb-2b7908366780,ORD-00026,2026-01-28 07:36:51.000000,49.36,EUR,credit_card,success
311d5656-7f51-4457-8c88-b01258a8f318,ORD-00027,2026-03-20 09:02:17.037028,797.74,USD,credit_card,success
2480afbe-a0e4-4a7d-a416-f075f4c609b6,ORD-00028,2026-02-21 18:14:16.280165,2859.0,USD,credit_card,success
c3ce226e-0d03-4ea2-87b8-22c4df747d89,ORD-00029,2026-04-01 10:33:28.695278,1055.34,EUR,credit_card,success
a8d71604-1645-45df-8327-b36c8298e0e9,ORD-00030,2026-03-27 13:36:26.615985,2264.15,EUR,credit_card,success
ec210bee-35f5-4d23-b3cc-03388d0433e3,ORD-00031,2026-02-06 14:41:27.644590,488.51,USD,credit_card,success
ca95677f-b65c-4b4b-a0eb-6af515470b82,ORD-00033,2026-01-30 20:36:17.002347,2077.22,EUR,credit_card,success
c034de70-e383-4459-9f1d-69fff7c6a231,ORD-00034,2026-01-23 08:24:03.536882,842.72,USD,bank_transfer,success
2fcb7d86-9999-462a-aa46-b4647478de57,ORD-00035,2026-01-27 22:37:50.057273,1366.18,USD,credit_card,success
99dd6f6d-ff7a-4991-9a4f-7aa27ebdae8a,ORD-00036,2026-02-23 16:44:03.930075,1407.11,USD,credit_card,success
6791e7bd-fe07-46e8-925e-629c27b2be94,ORD-00037,2026-02-20 08:20:17.442573,758.48,USD,bank_transfer,success
fa561463-4885-4943-a9cb-6e5230a104e4,ORD-00038,2026-01-23 08:55:02.804377,1251.2,USD,credit_card,success
cd5a5f6b-9944-42e9-a805-d524c6277caf,ORD-00039,2026-01-23 16:38:18.286151,785.73,EUR,credit_card,success
0f1bcf2c-d8b7-4474-9be6-f3a4139c4b87,ORD-00040,2026-03-05 05:48:11.000000,924.43,USD,credit_card,failed
aa40015c-7464-487c-9f94-c5c2b154d5d0,ORD-00041,2026-02-12 01:45:01.432285,1931.02,USD,paypal,success
413d803f-9c71-42f7-af62-7b39eab0fb7a,ORD-00042,2026-03-23 22:59:50.841730,394.52,EUR,credit_card,success
35c06f11-2e7d-4292-845e-3c6483ea7452,ORD-00043,2026-03-23 20:40:44.899030,3493.27,USD,credit_card,success
3ec1ff89-dadd-40d7-97cc-bc2991d3bcfb,ORD-00044,2026-01-20 20:53:14.634257,-307.3,EUR,paypal,success
13b9e0c5-3afd-486e-a7e0-3d3c59820b79,ORD-00045,2026-03-12 02:38:20.988782,694.3,EUR,paypal,success
db2a223c-91e0-4fe1-836e-5abe7806d00c,ORD-00045,2026-03-14 02:38:20.988782,642.42,EUR,bank_transfer,success
02653778-ce9c-456b-a267-3449733a89d8,ORD-00046,2026-02-18 01:39:45.913444,1350.57,USD,credit_card,success
1b45ac60-897b-4eca-b5cc-26cb02178300,ORD-00047,2026-02-22 02:02:13.000000,238.82,USD,credit_card,success
b19464ce-de1f-4f27-b38b-8aca13edae52,ORD-00048,2026-02-13 16:59:22.000000,1450.66,USD,paypal,success
bd33dbcd-8d8e-4e7a-af13-29001a261e04,ORD-00049,2026-03-30 23:29:52.068881,773.59,USD,credit_card,pending
8ff187fd-3c63-4de3-8fce-fae8485615b3,ORD-00049,2026-04-02 23:29:52.068881,773.58,USD,crypto,success
2cf31d00-c33d-47b2-a8a4-a27d7eb69ada,ORD-00050,2026-01-05 00:49:00.000000,1808.95,USD,paypal,success
72f803e6-d527-4b24-a10b-0b2b5e3fe103,ORD-00051,2026-03-16 22:49:28.771179,1804.73,USD,paypal,success
420dd7af-0c9b-4a53-8ffd-72e95524e272,ORD-00053,2026-04-04 14:55:03.845797,491.22,EUR,credit_card,success
c15ffd3f-121b-4f69-84da-de07ae13931b,ORD-00054,2026-02-12 12:05:16.000000,1759.9,USD,credit_card,success
13c19775-c5b8-41d4-b2d1-3d07b47c8e35,ORD-00055,2026-01-29 13:32:16.694692,540.04,USD,crypto,success
48b1d48c-6f1b-47a4-994b-78e32da317ab,ORD-00055,2026-01-30 13:32:16.694692,540.05,USD,paypal,success
595a03d9-34f8-4408-a42d-5dd466641dd5,ORD-00056,2026-03-04 03:19:56.908577,3292.84,EUR,bank_transfer,success
0ddae5c8-7dfe-4d30-a79a-8d973d0b5a32,ORD-00057,2026-02-20 21:49:05.982413,1744.02,USD,credit_card,success
85dee4fa-6b2c-41f1-af5f-793de8362369,ORD-00058,2026-02-11 12:07:36.000000,267.97,USD,credit_card,success
ec3a3cf6-9a9f-4005-af26-7c4f6ec0e9f4,ORD-00060,2026-02-01 07:29:56.638213,2545.75,EUR,credit_card,success
44664eb1-db20-4397-a89e-ca5598fe09f5,ORD-00061,2026-01-31 11:48:20.304676,3712.58,USD,credit_card,success
71ee715b-1fbc-429b-9a9a-3cbe8472e593,ORD-00062,2026-01-28 06:31:28.035362,3495.35,USD,paypal,success
dab765d4-8057-41fb-a742-da1445e65f93,ORD-00063,2026-03-11 13:45:53.068349,2220.3,USD,crypto,success
5a789ee5-e624-48ee-ba20-1692e8d8adfd,ORD-00063,2026-03-16 13:45:53.068349,1702.95,USD,bank_transfer,success
f5222baf-f177-49f0-bc78-2cb84e35a2de,ORD-00064,2026-02-12 17:45:27.602024,392.26,USD,paypal,success
d599dc5d-b8d5-46bb-a79a-09629cf5f39f,ORD-00064,2026-02-15 17:45:27.602024,392.26,USD,credit_card,success
1dce9114-3b18-4f6b-a6bd-bcd476fcdeed,ORD-00064,2026-02-18 17:45:27.602024,392.25,USD,credit_card,success
73e20be0-46c1-40a5-8841-8394ad1a7f25,ORD-00065,2026-01-17 06:12:54.687206,1847.16,EUR,credit_card,success
736cd6b3-fd70-4b52-9e13-1cfcc6569d2b,ORD-00066,2026-02-20 22:42:48.305757,2751.08,USD,paypal,success
21b1d954-41a6-4ba2-b53c-b556ba93ec3f,ORD-00067,2026-01-29 03:22:08.000000,2958.59,USD,credit_card,success
cf7aa47b-2b5e-4e6e-b288-57b8f63eaf65,ORD-00068,2026-01-18 21:14:01.166818,1770.31,USD,bank_transfer,success
3821d423-1b7b-455a-b14c-2307d33fd004,ORD-00069,2026-03-08 11:36:24.471599,1220.28,USD,credit_card,success
10a327ec-7572-47cc-9c5c-c176036c12c9,ORD-00070,2026-02-04 21:16:32.273655,1956.91,EUR,credit_card,success
5a0194bb-adde-44e8-be4f-dcbdd737d5aa,ORD-00072,2026-01-23 04:37:57.260172,724.85,USD,credit_card,success
aee6a885-7c3b-4836-9648-bbc7602231a0,ORD-00073,2026-01-19 08:48:47.004337,2616.54,USD,credit_card,success
5bd08224-2b95-48e5-ad93-0434022cec35,ORD-00075,2026-02-18 23:30:16.983363,2969.46,USD,paypal,success
bed6578c-7faa-4e13-ad1e-cea4582b0725,ORD-00076,2026-03-28 22:36:46.374544,932.15,USD,credit_card,success
286339aa-4e3f-4b53-9959-62d48259e52a,ORD-00077,2026-01-14 07:05:57.277063,596.06,EUR,credit_card,success
11bd47f4-cab7-4ed0-b700-9bad53b4dd76,ORD-00077,2026-01-15 07:05:57.277063,503.01,EUR,crypto,success
91c1fa41-5329-4019-8b3a-552aac2a6b37,ORD-00078,2026-02-06 10:25:23.916547,-3527.03,USD,credit_card,success
78bea567-f865-41da-a81d-cb207f10cb37,ORD-00079,2026-03-20 08:15:47.712576,3475.7,EUR,paypal,success
e58264ae-8952-4d4c-8cef-ae3f8d68b329,ORD-00080,2026-02-17 03:15:29.013736,1860.19,USD,paypal,success
455e7784-ba27-4f32-915a-80e102ac9506,ORD-00081,2026-03-25 09:45:38.000000,329.5,USD,credit_card,success
53cc8b8d-c17b-4fe3-9966-fd0681c2ac34,ORD-00081,2026-03-27 09:45:38.000000,329.5,USD,credit_card,success
f2b6807b-c7ee-46eb-a11f-cf79779dd67e,ORD-00081,2026-03-27 09:45:38.000000,329.5,USD,crypto,success
30252c6d-2b67-41c3-81ec-0dfb0e469d17,ORD-00082,2026-01-27 01:31:33.270966,1214.81,EUR,credit_card,success
88775c76-487a-427f-a7f2-30f475aaa59f,ORD-00082,2026-01-29 01:31:33.270966,1214.81,EUR,crypto,success
bf01f187-6b4b-429f-a787-0ac5bf4142a7,ORD-00083,2026-01-22 06:36:50.817530,,USD,credit_card,success
07727837-ec73-4ac3-8758-b1c346d565c4,ORD-00083,2026-01-24 06:36:50.817530,700.75,USD,paypal,success
c62c5ede-3667-4357-9e84-2ed2cfe12216,ORD-00083,2026-01-24 06:36:50.817530,700.74,USD,crypto,success
4a7f1876-83a4-4250-b3d6-575d6c01de8e,ORD-00084,2026-02-23 04:58:27.009303,881.18,USD,credit_card,pending
b12bc5c2-1d28-41bb-bfb6-59d10cd51c69,ORD-00084,2026-02-25 04:58:27.009303,881.18,USD,credit_card,success
1511b1c4-082a-4d01-8d6e-9b8be33d31a1,ORD-00085,2026-03-31 20:28:40.450207,1251.79,USD,bank_transfer,success
4ca92d8d-68cb-4f4c-8da3-e35dfbcf3d68,ORD-00086,2026-02-11 01:05:34.057290,1287.84,USD,crypto,success
5effba57-53b3-4de5-a9f3-cd9ed67cf414,ORD-00086,2026-02-14 01:05:34.057290,1287.84,USD,credit_card,success
890d293e-7fed-45d6-bb98-0d5696426133,ORD-00087,2026-01-11 16:39:34.267303,948.17,USD,credit_card,success
c5cd7479-3fca-4712-b557-4f1095414fda,ORD-00088,2026-01-25 14:29:01.096625,1054.02,EUR,paypal,success
33d9ce58-444a-4b24-ba92-09f10e0bf57f,ORD-00089,2026-02-04 19:31:53.613194,957.49,USD,paypal,success
446d79e7-ab35-4d85-87f9-8e01bde02ca1,ORD-00090,2026-01-20 04:58:38.998094,841.26,EUR,credit_card,success
8eb8b4a0-522b-4706-988e-222ea54de3c6,ORD-00091,2026-03-31 23:52:58.138303,3798.21,USD,credit_card,success
fd3e538c-d083-4444-b005-c828393eddf5,ORD-00092,2026-04-07 03:55:25.124231,3423.72,USD,crypto,success
ffc2092a-e6c9-439a-9b83-8ef98a143629,ORD-00093,2026-03-03 14:49:49.544790,199.93,USD,paypal,success
413b3c85-0c2e-403f-ad43-76376ffced41,ORD-00094,2026-03-08 08:03:45.682434,694.37,USD,credit_card,success
51a50c25-3aad-4ccc-95d7-7c93dba73967,ORD-00094,2026-03-09 08:03:45.682434,545.43,USD,crypto,success
6a102ba3-4cb4-41d1-b6d2-8d39a90c91a7,ORD-00095,2026-02-07 03:21:44.157028,3737.29,EUR,credit_card,pending
12bc60d6-0f40-4a9a-947e-ee8f1dc6e2b8,ORD-00096,2026-02-10 05:40:06.000000,2710.11,USD,paypal,success
80a06177-ef70-4f71-8ad6-1106376352db,ORD-00097,2026-02-19 19:56:32.177676,1259.07,USD,bank_transfer,pending
23d9e1ac-3e66-457e-95fb-e50c01390bf1,ORD-00098,2026-02-01 13:52:33.932480,139.52,EUR,credit_card,success
80417d1d-ac78-4115-876b-91d8dc5f6817,ORD-00099,2026-01-12 23:44:31.904194,1771.78,USD,bank_transfer,success
1782484f-7ee5-4844-a4e3-5d83dd9ba1bd,ORD-00100,2026-03-25 03:00:42.623862,1836.9,USD,credit_card,failed
008b0d87-7814-4a20-9b33-8774c8ff7efa,ORD-00101,2026-03-14 12:29:35.101100,-3179.99,USD,credit_card,success
1c478624-4f3f-4550-bd50-722675818272,ORD-00102,2026-01-19 12:49:39.558822,-994.23,USD,crypto,success
c59eba03-0a6f-4e50-93b8-e7dac58371ec,ORD-00103,2026-04-22 22:33:16.592674,1976.25,EUR,crypto,success
c728e70b-e062-4094-867c-0f5eecd6fc2d,ORD-00104,2026-01-13 04:14:04.944425,-954.3,EUR,paypal,pending
2fae9747-a1c2-4366-b571-3cb1a3795b06,ORD-00105,2026-02-05 09:40:17.016435,1090.39,EUR,credit_card,success
57c12aac-d557-46ef-bdcf-d533f8cc8dad,ORD-00106,2026-04-04 17:22:31.840679,3106.07,USD,credit_card,success
f31865be-ac13-40db-8b7a-20f9492706f9,ORD-00107,2026-03-16 17:27:54.483131,816.69,EUR,paypal,success
8b9e5a55-66ef-48fd-a05d-0f38a9531e73,ORD-00107,2026-03-17 17:27:54.483131,816.69,EUR,paypal,pending
8d7513c6-ca3a-47c4-8ee8-351f720be55e,ORD-00107,2026-03-20 17:27:54.483131,816.69,EUR,credit_card,success
1eebc77d-4e02-4234-b652-e7613aefb9ea,ORD-00108,2026-01-25 22:50:30.949427,551.67,EUR,credit_card,success
806d52ef-8572-4316-aa47-714d7387f4f4,ORD-00108,2026-01-28 22:50:30.949427,551.67,EUR,credit_card,success
b1b78a97-6e7b-48eb-91f3-77cdfb8154e7,ORD-00108,2026-01-31 22:50:30.949427,551.67,EUR,credit_card,success
950c8812-0560-49a1-bc12-2b3ec8c10e6e,ORD-00109,2026-01-17 19:07:51.256379,1091.13,USD,credit_card,success
bfe224aa-10cc-425f-9fb8-178fa0f040ca,ORD-00110,2026-02-21 23:22:42.973445,1421.07,EUR,paypal,success
6d8d2b0b-ef68-4dee-a855-c2770359d7a6,ORD-00111,2026-03-20 07:58:09.000000,2988.37,EUR,crypto,success
477bb8c2-670b-44b2-aae0-5c60b9d0cc1f,ORD-00112,2026-03-21 17:31:15.601892,1288.52,EUR,credit_card,success
6af7244b-809a-4fb7-8eb8-2bcd0e3beb90,ORD-00113,2026-03-09 02:42:41.000000,2325.31,USD,paypal,failed
88effcfb-dbe9-47e5-aa0f-c599996d0137,ORD-00113,2026-03-13 02:42:41.000000,1887.2,USD,crypto,success
8e6759ad-220c-4498-8a99-20848c6e77e5,ORD-00114,2026-01-10 06:35:18.159446,4328.29,USD,credit_card,success
4c32dd94-5de9-4d19-9c0c-e9cb768e4523,ORD-00115,2026-03-24 08:25:48.464814,2849.76,EUR,credit_card,success
c5d40a89-304e-416c-8e11-bffa78950b63,ORD-00116,2026-01-15 20:04:55.716154,533.98,EUR,paypal,success
0ac0a39e-60b4-4415-9070-5357e1cf15c8,ORD-00117,2026-02-10 06:03:23.000000,1221.27,USD,paypal,success
ac19db2a-573f-4488-94ad-7b614e75e80b,ORD-00118,2026-04-22 22:33:16.592674,714.97,USD,credit_card,success
66eb99b9-9785-4c5d-8eb1-1da8562f9f10,ORD-00118,2026-01-16 03:09:49.456816,667.57,USD,crypto,success
df57c11a-407b-434d-9b5b-f8faa12d0c4e,ORD-00119,2026-03-25 02:44:24.845876,,EUR,credit_card,success
2823b7b7-65c9-495c-bcb5-98b299f5eab3,ORD-00120,2026-02-28 02:26:54.139939,1497.36,USD,paypal,success
c0ed4be4-4ee9-4b20-8381-396145bfe4c0,ORD-00121,2026-01-28 21:10:42.814509,2057.69,USD,paypal,success
9f8291e7-416e-4c30-a92d-99820f9dfd0a,ORD-00122,2026-03-20 05:14:46.650794,2611.29,EUR,paypal,success
ad6d52ad-9398-42db-a498-03f2143bcdaa,ORD-00123,2026-02-16 19:06:31.616223,4047.28,USD,credit_card,success
a5313632-d4f6-4e80-903e-c296da923755,ORD-00124,2026-02-17 18:35:31.342822,1782.95,USD,bank_transfer,success
844d4e2e-6041-4249-9714-9a000c1cfcd3,ORD-00125,2026-01-18 13:00:23.713810,662.79,USD,credit_card,success
e72f8f31-750b-428c-b5b7-74dff62179af,ORD-00125,2026-01-21 13:00:23.713810,662.79,USD,credit_card,success
16725289-06a9-4d6a-aa4d-116b3bd2dbc4,ORD-00126,2026-01-26 18:32:23.374517,2630.79,EUR,bank_transfer,success
27fa6c0b-27f6-40cf-b0c7-a10e13c94f46,ORD-00127,2026-01-16 12:51:33.277095,1587.9,USD,paypal,success
d13d1ad6-9cf1-4b63-94ab-5f93fbcc841c,ORD-00129,2026-01-27 01:52:15.000000,474.65,USD,credit_card,success
cf8f9243-10d2-4c41-bef9-0c9d8843e97f,ORD-00130,2026-01-22 01:19:50.704968,793.44,EUR,crypto,success
07eb50dc-c3ae-4700-8b5b-3b265417332f,ORD-00131,2026-02-17 03:09:36.333350,141.89,USD,credit_card,success
4afb938a-4860-4836-bc43-dc9425f8475b,ORD-00132,2026-03-26 23:01:21.503549,911.6,USD,credit_card,pending
f114c85f-365e-48cc-9491-3324728a2f71,ORD-00134,2026-01-24 10:38:27.575808,802.82,USD,credit_card,success
f9307d89-03fd-45d9-b302-80ac00757aaa,ORD-00135,2026-03-31 05:07:35.112629,379.16,EUR,credit_card,success
803b2c1c-85af-48d3-b830-413b4c4847bb,ORD-00135,2026-04-02 05:07:35.112629,379.16,EUR,credit_card,success
1a4b3c43-4bd6-476b-b928-a337ffb31fad,ORD-00135,2026-04-06 05:07:35.112629,379.15,EUR,bank_transfer,success
3252da95-3855-4323-96e0-e31a21f016df,ORD-00136,2026-01-18 11:11:49.189933,3483.47,USD,credit_card,success
2cf616a9-c2a2-4fe8-9c66-fd9f0305e0cc,ORD-00137,2026-04-22 22:33:16.592674,913.36,USD,bank_transfer,success
9cda1017-d8c8-47b5-b50e-700e9de2e4ca,ORD-00137,2026-01-31 16:52:27.068705,570.89,USD,paypal,success
1dbc844b-f7c7-4d50-8072-122dd149650b,ORD-00138,2026-02-28 08:57:26.700702,2093.92,USD,paypal,success
ef8d37d3-3233-4f39-b2c6-cdcc0d33116f,ORD-00139,2026-02-12 17:41:20.860221,1615.71,EUR,bank_transfer,success
5c283419-caa6-45bf-b007-95dff86eb589,ORD-00140,2026-03-22 20:25:53.387852,718.0,USD,credit_card,success
ac07eea1-9075-4f98-8299-166119d0a5e0,ORD-00141,2026-03-04 13:53:52.875203,403.88,USD,credit_card,success
093123f5-33a2-4bc2-9825-7fd44da38ee9,ORD-00142,2026-02-28 02:53:29.584659,1168.3,EUR,paypal,success
4ea66ef2-4ee0-459c-8562-2647407e07a2,ORD-00143,2026-03-19 01:25:46.711336,46.36,USD,paypal,success
7ac3d376-8291-4ab1-a3be-36f7f355850f,ORD-00143,2026-03-20 01:25:46.711336,46.36,USD,paypal,success
f97ec855-a72a-4df7-9f4d-6d0b3618922c,ORD-00144,2026-01-16 12:24:57.665482,995.86,USD,paypal,success
94d6e229-8548-4956-a762-427cc4dc0600,ORD-00145,2026-03-28 10:51:50.392918,996.91,USD,credit_card,success
5ee091e0-dfa9-4b37-bc7a-dde438870e52,ORD-00145,2026-03-29 10:51:50.392918,996.91,USD,paypal,success
5ce98ece-9c7c-46e0-a99e-280f4feed245,ORD-00145,2026-03-30 10:51:50.392918,996.91,USD,credit_card,success
b8f5968f-5120-4239-bc40-e7258dbf3fcd,ORD-00146,2026-01-12 18:15:05.000000,767.04,EUR,paypal,success
991c1147-0900-4b49-89d2-6021805ec8a7,ORD-00146,2026-01-15 18:15:05.000000,767.04,EUR,credit_card,success
dc38024d-f3c3-4701-bcce-f70ad087c52f,ORD-00147,2026-01-28 03:25:12.659818,1707.57,EUR,paypal,success
805ec6fe-6629-45f6-86af-6fba11c99f79,ORD-00148,2026-02-03 03:45:07.823308,521.8,USD,paypal,success
38375f77-1c2d-4b7d-9e0b-e46371004857,ORD-00150,2026-02-14 20:50:05.038456,890.85,USD,credit_card,success
1723ceae-83f3-4a9f-9057-62ec9dc1c0b1,ORD-00150,2026-02-16 20:50:05.038456,890.85,USD,credit_card,success
0765a6c3-d599-4599-9b3c-750970b905a8,ORD-00151,2026-02-26 10:52:56.000000,2298.01,EUR,credit_card,success
59294977-bd26-4b27-b2fe-64aefe317e6e,ORD-00152,2026-01-22 07:47:02.525440,3692.32,USD,credit_card,success
2ef81612-8217-4c01-ba3d-49b26872d021,ORD-00153,2026-02-01 07:52:51.898686,1686.56,USD,credit_card,success
a6d758a9-2d96-4a4f-8f14-3b4766485363,ORD-00154,2026-03-31 15:32:39.542510,866.33,USD,credit_card,success
0f785a1a-a3d3-4fd7-9745-146a8a89c069,ORD-00155,2026-04-01 03:24:25.815067,2388.8,USD,paypal,success
51f6319d-a5c6-4534-bf7f-4c8a4ec3b8de,ORD-00156,2026-01-26 02:47:19.058839,855.24,USD,credit_card,success
6ea0d638-1e1c-4666-8557-88906d8add54,ORD-00157,2026-03-26 10:39:31.079340,,USD,bank_transfer,success
cce83df1-9af0-4900-898c-38f2c54b747a,ORD-00157,2026-03-28 10:39:31.079340,921.31,USD,bank_transfer,success
affb8f08-c3d4-45e4-a4eb-0cc7a7f3d877,ORD-00158,2026-03-01 11:07:28.646984,287.17,USD,paypal,success
6ff0c78e-90d5-485d-a335-1876216caa93,ORD-00159,2026-01-08 18:13:36.473755,1225.53,USD,bank_transfer,success
0126269d-4df3-4328-b3e9-cc8bc4804260,ORD-00160,2026-03-05 13:24:59.142259,773.29,USD,bank_transfer,success
bcc03876-d975-4b2d-bf56-152fb69ad834,ORD-00160,2026-03-06 13:24:59.142259,773.29,USD,credit_card,success
2cdcdb67-953a-42c9-bcaa-0844669bb7a9,ORD-00160,2026-03-09 13:24:59.142259,773.29,USD,paypal,success
dfe39ae0-3e0d-42a6-95e0-f58d9c8b9d92,ORD-00161,2026-01-10 06:45:27.584411,536.88,USD,credit_card,success
7cd899d9-10cc-4e11-b9d9-ccf30088a1cf,ORD-00162,2026-02-25 11:27:46.610392,2156.12,USD,credit_card,success
8e29e498-3265-4c41-b345-27c03f0af652,ORD-00163,2026-03-19 10:51:51.659952,511.34,USD,credit_card,success
1f69eda8-3bfd-45af-ad7c-a0323a7f1781,ORD-00163,2026-03-23 10:51:51.659952,413.24,USD,bank_transfer,success
bcd7c135-05fe-4220-8aea-fadb4b013eb0,ORD-00164,2026-03-06 07:01:44.604857,1009.13,USD,credit_card,success
555836ef-4b53-42da-abf1-91a79f8f46f6,ORD-00164,2026-03-09 07:01:44.604857,1009.13,USD,credit_card,success
1d9e7ecf-fcb1-428f-8cfa-fc99feb4da44,ORD-00164,2026-03-12 07:01:44.604857,1009.14,USD,paypal,success
eee8f44f-6f60-4bd5-9f7e-67899e57df53,ORD-00165,2026-04-07 03:23:06.555079,2263.69,USD,credit_card,success
c4d66521-9658-405e-966f-a35d09a8b539,ORD-00166,2026-02-25 22:34:06.054634,2991.19,USD,credit_card,success
f68ac884-50c5-4cc3-8b06-368fee7b8fb9,ORD-00167,2026-02-26 18:46:33.006405,980.39,USD,credit_card,success
7f10de17-26e1-41e1-9c93-32eba0a4b767,ORD-00167,2026-02-27 18:46:33.006405,980.39,USD,paypal,success
9e41da10-c88b-4964-9d21-9b89a1a01b88,ORD-00167,2026-03-02 18:46:33.006405,980.39,USD,credit_card,success
b803a7a0-98a5-4064-bed3-15627d720fa9,ORD-00168,2026-02-02 17:42:39.830251,1473.25,EUR,credit_card,success
738da31f-7763-4f7e-a5e2-80cf2f989f70,ORD-00169,2026-02-01 01:18:58.422459,1051.01,USD,credit_card,success
ba61236a-bc51-479d-ba5c-2836b7840d7b,ORD-00169,2026-02-04 01:18:58.422459,1051.01,USD,credit_card,success
e4bc8ccb-ac05-4c46-8908-5afc676c6ddf,ORD-00169,2026-02-05 01:18:58.422459,1051.01,USD,credit_card,success
78c955df-0fb8-4b8e-8921-11389db93af6,ORD-00170,2026-03-04 08:11:30.888030,1396.88,EUR,bank_transfer,success
d0ebcf04-4e23-4b30-a347-86a7dbb6815b,ORD-00171,2026-01-14 08:44:50.502596,931.97,USD,credit_card,success
45df871d-a2cc-4049-b813-65bfbd36c5a9,ORD-00172,2026-03-03 10:35:19.770877,2419.34,USD,paypal,pending
f55864d6-5af2-4d88-bf21-f72ac1eca6d4,ORD-00173,2026-01-06 12:00:23.000000,200.4,USD,paypal,success
a844ba94-eed4-4def-973c-18606007db05,ORD-00173,2026-01-08 12:00:23.000000,200.4,USD,credit_card,success
d5496ef4-8253-4006-a6d9-3727d3e01cf7,ORD-00174,2026-01-29 07:02:29.158035,-551.44,USD,credit_card,success
d1d2d621-8749-466c-a08f-ffedbbb26d66,ORD-00175,2026-03-23 05:58:53.542361,,USD,paypal,success
54a9074f-8f7c-4398-ae0c-57e78114bd7a,ORD-00176,2026-02-01 13:50:53.174270,583.37,EUR,credit_card,failed
dbc41aa0-7f4f-4766-a33c-1c87cfbc03dc,ORD-00176,2026-02-02 13:50:53.174270,583.37,EUR,credit_card,success
2a4e82c9-b980-4e3f-8db5-75b911fdffa9,ORD-00176,2026-02-05 13:50:53.174270,583.38,EUR,bank_transfer,success
80e5b70f-c41d-483f-9618-17f9ac1dd552,ORD-00177,2026-02-07 12:45:12.000000,1345.28,USD,paypal,success
2f22ef53-2e67-46f3-8ec4-7a0b5c19aa98,ORD-00178,2026-03-13 16:40:54.537812,1938.47,EUR,credit_card,success
1a690df3-76ad-4f44-8e05-90d355206f04,ORD-00179,2026-03-15 21:22:10.751604,2448.89,USD,credit_card,success
d21e2a78-12c1-416c-bad1-35f679480679,ORD-00180,2026-01-14 05:36:22.115005,3589.16,USD,paypal,success
dcb11881-5f31-48d9-b075-6100cc74bad0,ORD-00181,2026-03-23 18:46:11.824686,1522.18,EUR,credit_card,pending
2909ab31-a43f-4a2b-89f0-2f70539e3183,ORD-00182,2026-01-28 09:47:29.462689,1766.97,USD,paypal,success
34db7e50-5acb-4579-a01b-4998563ed6d5,ORD-00183,2026-01-08 16:09:19.545153,941.85,USD,credit_card,success
55a344ae-d78b-4891-a663-52fa0e96155f,ORD-00183,2026-01-10 16:09:19.545153,941.85,USD,credit_card,success
f825701e-b4a3-4696-9de6-0f7e7c8ca83f,ORD-00183,2026-01-12 16:09:19.545153,941.86,USD,bank_transfer,success
a7b5eb4f-72a6-4906-b7f5-43265d2f14bc,ORD-00184,2026-04-05 19:28:44.377956,2088.24,USD,paypal,success
63733902-4a42-4c95-aa3f-fedca9992497,ORD-00185,2026-01-21 23:32:42.493587,338.76,USD,bank_transfer,success
7f6dc4c1-cdff-4878-a8c1-6259822b69d6,ORD-00186,2026-03-13 04:03:55.870854,2048.79,EUR,credit_card,success
103d4229-ca1f-40f0-9e45-8c2a32797d69,ORD-00187,2026-02-26 02:52:18.763527,829.02,EUR,credit_card,success
8e1a3705-6990-4050-865e-0650b8ca4092,ORD-00187,2026-03-03 02:52:18.763527,555.83,USD,crypto,success
ce990c11-ffdc-4e28-8455-7a888b668aac,ORD-00189,2026-02-13 00:06:13.856489,717.47,USD,credit_card,success
de4f8121-7bfd-4fcd-81bd-1f465f2ac59f,ORD-00190,2026-01-22 07:11:26.425508,3559.77,USD,paypal,success
f1a40368-344d-49bc-a311-c470f2aaade1,ORD-00191,2026-03-13 23:53:40.737500,2376.53,USD,paypal,failed
765418a9-d554-4b98-9e73-31fe755118dd,ORD-00192,2026-01-17 01:49:13.497279,988.99,EUR,credit_card,success
74922012-558e-4aed-a899-e0d636750305,ORD-00192,2026-01-19 01:49:13.497279,853.13,EUR,bank_transfer,success
e223a96a-4060-46f2-a0b7-83df507ad32c,ORD-00193,2026-01-20 01:24:53.314197,955.08,EUR,paypal,success
931b5a29-4b04-4105-84ed-e4bf31ed6da7,ORD-00193,2026-01-25 01:24:53.314197,850.27,USD,credit_card,success
78a8733f-48a5-4620-afe7-de6fd2431e23,ORD-00194,2026-01-20 16:19:01.265340,1398.53,USD,paypal,success
7ad8409c-b5b5-41f0-816b-e617e789a298,ORD-00195,2026-01-14 01:28:25.000000,1159.97,USD,paypal,success
d28d2a82-3d54-4fb8-9732-caf71b59f2bc,ORD-00196,2026-02-11 02:11:33.655139,932.47,USD,crypto,success
f09f0fb6-5ff1-4c7d-a9c4-553918f43843,ORD-00197,2026-03-16 09:49:38.738474,2297.56,USD,credit_card,success
bd33aa3e-eb82-4cc6-8888-b2bfb07c7294,ORD-00198,2026-01-06 13:06:51.622993,161.5,EUR,credit_card,success
923385d2-37d9-4667-bbdb-806bbe3fa5f0,ORD-00198,2026-01-09 13:06:51.622993,161.5,EUR,paypal,pending
19ca2210-e234-461f-b502-bd35fdca9d1b,ORD-00198,2026-01-12 13:06:51.622993,161.49,EUR,credit_card,success
d2d5b5e2-91af-4080-87c9-8b382c22365f,ORD-00200,2026-03-30 08:54:55.459211,-1631.9,USD,credit_card,success
ddfc22fa-914c-48fe-a7a1-4e59152c81ae,ORD-00201,2026-04-08 18:24:04.212866,785.8,USD,credit_card,failed
494e3c90-f3c7-4593-ab57-cc5facf9afd9,ORD-00202,2026-01-19 01:42:46.079384,189.24,USD,credit_card,success
04f0bee3-248d-4687-86a0-14fdf49ba157,ORD-00202,2026-01-22 01:42:46.079384,102.23,USD,crypto,success
1b6c7933-bc33-4700-8f4d-91deeb9338f3,ORD-00203,2026-03-17 21:52:40.000000,1335.98,USD,bank_transfer,success
70fef456-b96a-4d7d-831e-78798cdc4d6c,ORD-00204,2026-02-15 00:48:05.367840,996.73,USD,paypal,success
a6df53c9-8878-4a86-879a-c918a460e20c,ORD-00204,2026-02-17 00:48:05.367840,996.72,USD,credit_card,success
a0e29383-944a-4626-9028-fa497e3c5f73,ORD-00206,2026-04-07 21:58:58.435740,-1483.13,USD,credit_card,success
5cfefaa8-a747-4eac-95c3-024688b7b768,ORD-00207,2026-03-06 07:58:36.195055,167.88,USD,paypal,success
39cbe6f0-3399-4a47-8e4e-1975724c5e15,ORD-00207,2026-03-11 07:58:36.195055,96.44,USD,paypal,success
2e51498b-2940-467f-9857-446e519d4422,ORD-00208,2026-02-12 02:00:47.455720,2236.09,USD,credit_card,success
8d3d68b0-b4ac-4282-872b-00c6d65e2020,ORD-00208,2026-02-14 02:00:47.455720,1134.11,USD,credit_card,success
48f1cdfe-1913-4b9c-84b7-20c01e699b45,ORD-00209,2026-03-29 04:41:07.564826,754.43,USD,credit_card,success
a730fc12-4539-47d1-8821-1b68a5b1a4c1,ORD-00209,2026-03-30 04:41:07.564826,754.44,USD,credit_card,success
b239bc9e-96e4-40ee-b941-bd8d5c62187a,ORD-00210,2026-02-26 18:55:43.329604,-292.0,USD,crypto,success
e9214ed4-b38d-4974-a93f-8fa61b60b631,ORD-00211,2026-04-02 02:38:55.000000,2963.83,USD,credit_card,success
b148dcdc-d1b8-4195-8f40-64f9f7a37a50,ORD-00212,2026-03-21 13:43:30.682153,687.0,EUR,credit_card,success
4cc89129-7c9b-413c-80a9-8991a4e93886,ORD-00212,2026-03-22 13:43:30.682153,687.0,EUR,credit_card,pending
320247c7-1ea9-4da3-915b-76056077a8ef,ORD-00212,2026-03-27 13:43:30.682153,687.01,EUR,paypal,success
c39e6116-b429-450b-a622-7d728cd4027f,ORD-00213,2026-02-14 10:26:14.224288,2960.32,USD,credit_card,success
5ba3d8fe-8dad-403a-be83-52a2e3d0b6b8,ORD-00214,2026-01-15 09:50:55.000000,503.51,EUR,credit_card,success
45087000-a611-4bf4-ae1c-2a4abe6ce86f,ORD-00214,2026-01-16 09:50:55.000000,503.51,EUR,credit_card,success
66e3c0b4-5095-4690-a138-575f51072022,ORD-00214,2026-01-17 09:50:55.000000,503.52,EUR,paypal,success
db8c03ba-a9ce-4ad0-a2da-e8b3e524acb6,ORD-00215,2026-04-02 16:22:09.286847,2632.0,USD,credit_card,success
f50f9149-60d3-43bf-8f93-3fc53e4710f0,ORD-00216,2026-04-03 10:10:05.255467,2429.04,EUR,credit_card,success
b41d6f95-496e-4a81-a1a0-9f5aeb45c8d7,ORD-00217,2026-03-11 23:47:47.637831,1447.01,USD,paypal,success
75789a4f-c70c-49f8-b484-de91d1161bf5,ORD-00217,2026-03-12 23:47:47.637831,1447.01,USD,credit_card,success
74ccb8a5-90b5-42a7-a8d3-849aa1ae45b6,ORD-00218,2026-04-02 00:55:09.742110,762.61,USD,credit_card,success
71eab620-11d8-41f6-80da-aee69a433a7d,ORD-00218,2026-04-03 00:55:09.742110,762.61,USD,credit_card,success
f65172cf-7416-43c8-82c0-af2dedf9259b,ORD-00219,2026-01-30 09:41:06.000000,2512.33,USD,credit_card,success
f3b88b4e-44a6-4e92-a45a-94730bd86c6c,ORD-00220,2026-01-31 07:23:23.738536,1380.63,USD,credit_card,success
af730fb8-5a2d-4ab4-97ab-5f0e290b85ef,ORD-00221,2026-04-03 05:21:33.592505,2166.64,EUR,crypto,pending
45ccebaf-4df9-472f-909e-1ca6688cec41,ORD-00222,2026-01-05 00:16:42.000000,1188.76,USD,credit_card,success
9fe6b14e-e3b4-42b5-8b60-10ab2d196e88,ORD-00223,2026-02-22 19:38:36.302544,1906.92,EUR,bank_transfer,pending
cdb479d9-6028-49a0-820e-a7cd0f8fccb8,ORD-00224,2026-02-26 17:44:46.192521,1069.31,USD,credit_card,success
a05d9105-8092-4a86-8a06-4b6f9fd99133,ORD-00224,2026-02-27 17:44:46.192521,776.56,USD,paypal,success
dbe850ac-7a98-4b8a-a4b8-74ce28d5096d,ORD-00225,2026-04-05 21:49:55.793824,773.97,USD,credit_card,success
3dac985f-2d3e-4122-817d-cf0d65fd14df,ORD-00226,2026-01-27 08:21:06.517347,1021.95,USD,paypal,success
9db6a233-112d-4c5d-a93e-6b1a992f7041,ORD-00226,2026-01-29 08:21:06.517347,1021.95,USD,credit_card,success
f9abab84-8dc3-4046-96e4-6b809bfaf430,ORD-00226,2026-02-02 08:21:06.517347,1021.95,USD,credit_card,success
a57e3a59-5b5a-4ce5-bb1f-0abfb1929934,ORD-00227,2026-02-19 16:32:15.000000,1213.95,USD,credit_card,success
a7420e85-60f3-4e2e-9b39-d7ea441d760d,ORD-00227,2026-02-22 16:32:15.000000,1030.68,USD,paypal,success
ae1ba735-1100-414d-9714-6000a40a19a9,ORD-00228,2026-02-14 09:05:32.851054,,EUR,credit_card,success
dd0afae8-0782-49e5-b888-493c0e5b74fa,ORD-00229,2026-02-19 17:55:15.243007,1579.07,USD,crypto,success
6c709da8-7c2d-4390-af74-8fa075db6c1b,ORD-00229,2026-02-20 17:55:15.243007,1579.07,USD,paypal,success
0eb40a64-3c00-401b-ac35-ed6f0c1d7e22,ORD-00230,2026-02-21 23:19:15.529742,-3352.6,USD,credit_card,success
617ecde4-16c3-43c0-924d-cae6537f45d9,ORD-00231,2026-01-12 10:19:03.000000,2359.29,USD,credit_card,success
0f731ef3-0fd0-4b75-88e1-23801b69eadc,ORD-00232,2026-01-11 08:23:17.817908,680.88,USD,credit_card,success
d00f18dd-22b5-4511-898b-13dd4bc7e266,ORD-00233,2026-01-28 12:53:45.126941,368.92,USD,credit_card,success
16053bf6-5e26-4870-afc5-641f657e8637,ORD-00233,2026-01-29 12:53:45.126941,368.91,USD,bank_transfer,success
4291edd5-192d-4b9f-be78-0249592b8897,ORD-00234,2026-03-10 13:39:18.303750,1277.05,USD,credit_card,success
b077dad9-bd35-4e89-a754-4821067501c6,ORD-00235,2026-02-13 16:11:30.836276,3224.98,USD,paypal,success
90faa957-86c4-49c6-a666-8daabd255e7d,ORD-00236,2026-01-07 16:57:39.000000,1461.27,USD,credit_card,success
8e3e4e7b-679e-4259-804c-f6160fb95d6f,ORD-00237,2026-01-05 15:01:45.916923,2779.49,USD,credit_card,success
b1a16b45-4294-4a5d-a078-25840e1622bc,ORD-00238,2026-02-06 01:22:40.684557,3318.47,USD,paypal,success
ec27c5d8-8e7d-46f3-8f9f-036174a883dd,ORD-00239,2026-01-22 10:12:38.668152,2078.38,USD,credit_card,success
4c2b24b7-9f8a-44f6-afc8-15fedf89d89b,ORD-00240,2026-02-24 19:29:29.368621,2524.52,USD,bank_transfer,success
02e2dac7-416b-4e9a-951e-7589a2df4196,ORD-00241,2026-02-05 20:16:59.998799,,EUR,credit_card,success
ad3b5c78-8420-4639-810a-ea881394b30d,ORD-00242,2026-02-22 23:30:42.863504,3093.05,USD,paypal,success
30c78dd3-22f2-48b5-a5a1-de6aedd0e94b,ORD-00243,2026-02-01 13:28:04.787522,759.96,USD,credit_card,success
953663ed-db2f-43e7-95a8-8ad7fba37dab,ORD-00244,2026-02-25 18:58:00.587797,1357.67,EUR,credit_card,success
1c812045-5043-4dbd-9aab-68005531fb14,ORD-00245,2026-01-23 22:57:00.085150,2207.86,EUR,credit_card,success
c4ab61ab-d436-40fd-883b-251a2c3abae1,ORD-00246,2026-01-26 21:56:53.964061,3379.77,EUR,credit_card,success
935cbf30-bd6c-417f-8b7f-9972591ecb08,ORD-00247,2026-02-01 21:42:13.298037,532.43,EUR,paypal,success
c716e9a9-89a5-4101-a819-3da5d6806b21,ORD-00248,2026-03-15 06:27:06.106393,1764.28,EUR,credit_card,success
a801d81d-b800-4d1a-84bc-d03f7b83bad6,ORD-00249,2026-01-21 10:56:59.193650,1020.35,EUR,credit_card,success
1e1ea09f-e96a-427a-a7a1-79132bfbaa67,ORD-00250,2026-01-14 05:41:12.706421,2620.3,USD,credit_card,success
1380647e-9515-409a-9a29-4a793d081762,ORD-00251,2026-03-10 12:55:27.000000,783.41,USD,credit_card,success
cffba8b0-83b6-423a-bd92-3f82bd802592,ORD-00252,2026-01-19 03:07:44.000000,762.19,USD,bank_transfer,success
06858803-d378-405c-bf7e-d11cd5877f5d,ORD-00253,2026-02-19 01:32:13.738825,2597.68,USD,credit_card,success
e6573bae-ab63-4185-a14d-0425624eb879,ORD-00254,2026-01-20 19:19:56.000000,1495.59,USD,credit_card,success
18c06a35-86c4-4271-be6e-ae865a45caaa,ORD-00255,2026-02-11 01:51:29.000000,1058.59,EUR,credit_card,success
8f7510fd-46d6-4dbb-a149-a09c599a9ed7,ORD-00256,2026-02-26 09:55:09.650240,2874.17,EUR,paypal,success
869fc41b-3a17-415a-be24-3ee8988654f6,ORD-00256,2026-02-27 09:55:09.650240,2497.35,USD,paypal,success
8682a598-b01f-4e1c-a63d-c19ec37d380b,ORD-00257,2026-03-30 18:41:21.708365,540.56,USD,credit_card,success
67106347-b91e-4a99-aaa0-44238876caed,ORD-00258,2026-01-26 13:13:01.327478,2256.93,USD,credit_card,success
9dd53aee-fe22-42e5-8a18-01923d904779,ORD-00259,2026-03-08 03:11:32.000000,-373.83,EUR,paypal,pending
d80f8cd3-c936-4636-9e5b-7b9c2de70834,ORD-00260,2026-02-27 07:37:43.825729,171.43,USD,credit_card,success
3c591c20-fb35-4da5-b47e-cf25e4dafebe,ORD-00260,2026-03-01 07:37:43.825729,171.42,USD,credit_card,success
fe1fdc23-ac33-4ccc-be2a-072881271b7d,ORD-00261,2026-01-26 14:50:08.149623,-3032.39,USD,credit_card,success
11477280-c9cd-44ed-b869-0bbbf057658b,ORD-00262,2026-03-21 19:23:28.227849,1167.44,USD,credit_card,success
3a77f1c4-3bc4-409e-af9f-fe0ba26a5946,ORD-00263,2026-01-05 10:50:24.000000,896.87,USD,credit_card,success
813ba92f-89e9-445b-9ba2-7644d3e7a2ff,ORD-00263,2026-01-10 10:50:24.000000,714.44,USD,crypto,success
c198d0aa-d9cb-44f3-8d0f-4149d1145be6,ORD-00264,2026-03-18 10:32:26.299079,784.14,USD,bank_transfer,success
8cf186d6-914a-4a44-b20f-36cdccb781e9,ORD-00265,2026-02-09 03:58:40.531927,2119.64,EUR,bank_transfer,success
2bf86c17-4139-453c-89bf-be57a58c22a6,ORD-00266,2026-03-20 14:10:31.652282,1223.55,EUR,credit_card,success
99829278-1879-4738-a1aa-70d0bb191a13,ORD-00267,2026-02-09 21:34:08.238817,870.69,EUR,bank_transfer,success
2964f31d-1177-47c0-a278-d9d7a5cf35a6,ORD-00268,2026-02-06 01:16:02.682253,2437.08,USD,credit_card,success
e5ab224b-e586-447f-aca9-57ad9fa31f79,ORD-00269,2026-02-20 10:12:14.071363,1294.84,EUR,credit_card,success
46fe7949-c68d-493b-b670-2c7224f6b496,ORD-00269,2026-02-21 10:12:14.071363,,EUR,credit_card,success
c58e632f-c775-45b4-adf6-a292020eeff1,ORD-00269,2026-02-24 10:12:14.071363,1294.83,EUR,credit_card,success
73cb930f-8664-49b2-b190-1a8cb982bab9,ORD-00270,2026-03-12 10:04:11.000000,1638.08,USD,bank_transfer,success
eac1d84d-a53c-489a-b0b9-3e995bf653d2,ORD-00271,2026-02-11 01:52:49.873825,1939.02,USD,credit_card,success
b477ac8a-5fe8-4907-83b1-869191e170cc,ORD-00272,2026-03-05 01:25:35.229440,763.79,USD,credit_card,success
391f36d6-32ef-417f-97d9-35b0334f276b,ORD-00273,2026-02-08 16:15:38.719177,642.06,USD,credit_card,success
2258e585-89e0-45ee-a72b-d96ccf16f732,ORD-00275,2026-01-15 18:14:53.721343,257.39,USD,credit_card,success
2724d1d5-11b5-4626-9013-80a5d89b8c5e,ORD-00276,2026-02-13 06:21:08.894623,1626.13,USD,credit_card,success
12bb02c0-f056-40e8-8784-b51a5e50011b,ORD-00277,2026-03-03 06:12:25.000000,2098.06,USD,paypal,success
f05a651d-9bc4-431d-b193-6c4232c77108,ORD-00278,2026-02-22 10:33:15.809714,1982.84,USD,credit_card,success
414dac3f-c3a2-4f78-9feb-e294aec49a0c,ORD-00279,2026-03-07 05:48:10.000000,2815.06,EUR,credit_card,success
486595b3-47bc-432f-9116-eef89e4a8438,ORD-00280,2026-02-19 17:09:32.630693,2302.14,USD,credit_card,success
dfc6bb8c-cbb5-4d38-8059-ce8e94e8eb70,ORD-00281,2026-03-04 09:59:13.791394,-601.82,EUR,credit_card,success
e23a603e-dbeb-4dbf-811d-488e424f5682,ORD-00282,2026-03-06 12:01:36.289059,3777.35,EUR,paypal,success
2f62ff16-e8cc-4076-84c7-12d0662fe2b5,ORD-00284,2026-01-12 19:02:04.651482,2031.78,EUR,credit_card,success
e53f00d7-3813-4422-92d6-10587fc212c9,ORD-00286,2026-02-24 00:44:31.780990,1069.81,USD,credit_card,success
bf6fefc2-58c5-4356-9f75-dbc91499ed26,ORD-00287,2026-02-05 01:45:22.613028,-1145.27,USD,credit_card,success
55fe8b21-40d4-4942-a42c-a29d9b85d836,ORD-00288,2026-03-11 10:02:24.596038,2544.32,USD,credit_card,success
1b3f2c20-b986-4bc5-8bca-ebe84361692b,ORD-00289,2026-01-22 21:16:57.610347,957.51,USD,paypal,success
9e524e0a-1112-4654-8498-53badef2405b,ORD-00291,2026-01-21 03:12:06.061851,2518.8,USD,credit_card,success
138ea042-1c91-40f7-b075-752c1e9b7377,ORD-00292,2026-03-24 13:38:54.415546,1120.81,USD,credit_card,success
23dada1c-9357-4362-8daa-f23026a2154e,ORD-00293,2026-02-04 04:18:38.265994,366.32,USD,credit_card,success
f10e69da-f41d-4939-800f-574b013a2e73,ORD-00294,2026-03-02 19:03:05.000000,1115.46,USD,credit_card,success
45f64abd-39fb-4486-adb4-9b24dc3ff4ae,ORD-00294,2026-03-05 19:03:05.000000,1115.46,USD,bank_transfer,success
685cb345-829e-4c93-beab-5dd48cc51654,ORD-00295,2026-01-18 15:39:29.625040,128.52,USD,paypal,success
2c92064e-ed79-4df1-a7af-f004751f102b,ORD-00297,2026-03-05 14:59:13.883176,1551.16,USD,paypal,success
92f91705-25ea-4cb2-a570-a6be1c34fcdc,ORD-00298,2026-01-30 21:56:41.306853,326.08,USD,credit_card,success
bf9b82ee-be16-4157-aee8-d7b761383915,ORD-00299,2026-02-07 09:20:06.000000,1368.82,USD,bank_transfer,success
add32fe0-6ee6-4ba2-9acb-74b4d54bab30,ORD-00300,2026-04-03 03:33:04.689998,370.17,USD,paypal,success
80ab72d7-9cd6-4ce6-aa0a-e2561e3fa49d,ORD-00302,2026-02-07 11:25:16.792760,3531.65,USD,bank_transfer,success
010e917e-8429-4194-b981-2bcc677ffc70,ORD-00303,2026-02-14 18:16:03.000000,638.39,USD,credit_card,success
0ea0caf7-55cc-4868-91cb-c7e22b1fb53e,ORD-00304,2026-04-04 22:53:07.617368,3256.34,USD,paypal,success
3a310a38-7607-4c64-8f4b-9020b2c3cfe2,ORD-00305,2026-01-25 00:29:14.208597,730.2,EUR,credit_card,success
e0cf7824-c1b5-4e3b-abb9-4b1006d652fb,ORD-00305,2026-01-28 00:29:14.208597,730.19,EUR,credit_card,success
bbaea2c7-7d4e-4951-acbf-1fc63bebe509,ORD-00306,2026-02-10 04:35:10.293904,2266.51,EUR,credit_card,success
da7d1f32-79c4-4a85-a7dc-ca77b6301651,ORD-00308,2026-03-11 15:42:34.238876,3764.68,USD,paypal,pending
c59a9aca-9529-4b3f-9d79-8c6a8a10d019,ORD-00309,2026-02-01 15:36:06.669612,1606.94,USD,credit_card,success
6668e452-c7ee-4f78-b668-300222e8cc5d,ORD-00310,2026-01-18 05:35:09.997101,3485.18,USD,credit_card,pending
5a6c00ca-aa96-4833-9679-9e65fa2d71de,ORD-00311,2026-03-26 12:34:15.992866,-2569.39,USD,paypal,success
0dc9308c-9140-4b07-b15b-f2430aa06203,ORD-00312,2026-03-08 07:56:47.928422,2553.84,USD,credit_card,success
da92bd1c-1338-4163-ac27-813245d234ae,ORD-00313,2026-03-22 13:09:44.524552,-2610.88,USD,paypal,success
1314fd8d-cd26-4e48-8b38-0da6944a895a,ORD-00314,2026-03-12 13:53:08.000000,370.86,USD,paypal,success
074ffc85-4cfd-40f1-8472-bce9a21735b5,ORD-00315,2026-03-17 14:31:32.027037,1155.57,USD,credit_card,success
35de0ed8-c9f4-4321-a981-cc740902724c,ORD-00316,2026-03-03 02:01:46.919249,971.63,USD,credit_card,success
3e0c39e3-55b2-41c7-879c-3c1832e3482a,ORD-00317,2026-03-07 05:58:11.760948,1147.3,EUR,bank_transfer,pending
83f205c0-1e24-4823-b52c-9d5c192c5a47,ORD-00318,2026-01-21 14:49:44.850342,993.43,USD,credit_card,success
954c00e9-82fe-4fa3-af16-b2d4a095372e,ORD-00319,2026-03-01 01:04:06.807802,644.73,USD,bank_transfer,success
a52dacee-d442-447f-9085-93be3895ce0d,ORD-00319,2026-03-04 01:04:06.807802,644.73,USD,credit_card,success
97171a68-3b4a-449b-944f-d09a56e5abb5,ORD-00319,2026-03-05 01:04:06.807802,644.73,USD,paypal,success
d4f287dd-ac3b-4138-b3e1-f99c39fbf832,ORD-00320,2026-03-11 06:12:35.954014,666.68,USD,credit_card,success
06ca5e63-59f3-4610-bb6a-69f1dd5716c4,ORD-00321,2026-01-18 08:53:29.064821,2087.13,EUR,credit_card,failed
73ef6426-dcd7-4d6a-8186-eb52456bf24d,ORD-00322,2026-03-05 15:41:05.245487,2265.26,USD,credit_card,success
ca178573-5f14-48ae-8a0a-31c70a5687b1,ORD-00324,2026-03-12 00:41:25.471507,1237.39,EUR,credit_card,success
f0be81d9-4b44-436a-ae0d-f69798a26a9e,ORD-00324,2026-03-14 00:41:25.471507,1237.4,EUR,crypto,pending
4bfde306-7b79-4d1f-a254-e8e3c26eaff5,ORD-00325,2026-03-18 05:35:16.000000,3348.7,USD,credit_card,failed
feb410f1-bfa4-496d-b387-79a23eff35ac,ORD-00326,2026-02-19 18:37:25.425731,2220.83,USD,bank_transfer,success
c665fa37-901b-45f0-9c37-1435c1c71a0e,ORD-00327,2026-04-06 11:14:26.601416,1678.05,USD,bank_transfer,success
f25029b6-2def-45df-9d99-81b9a532f1da,ORD-00327,2026-04-09 11:14:26.601416,1678.04,USD,credit_card,success
11595561-36d8-4ac2-ac1d-349beb73324a,ORD-00328,2026-01-18 04:10:58.374787,2676.16,USD,crypto,success
3f39d378-8622-4d8b-b850-73940ce78613,ORD-00329,2026-02-06 11:40:51.210888,1173.25,USD,credit_card,success
f4dc2df7-af9a-4ad1-b1c9-92aa568fa85f,ORD-00329,2026-02-08 11:40:51.210888,1173.25,USD,credit_card,success
c3042c85-8b41-44d2-a4a2-c19266a575b2,ORD-00330,2026-03-25 19:46:45.000000,865.8,USD,paypal,success
902be242-5243-4b51-8cc3-428b82ae03b0,ORD-00331,2026-03-12 15:36:30.462353,1200.27,USD,paypal,success
51d78188-a5b3-49f7-9102-3e5658db8934,ORD-00332,2026-03-03 14:10:24.970045,2036.59,EUR,paypal,success
8ab0ccdc-1151-4271-b085-fcf92952fbfb,ORD-00333,2026-01-08 23:56:12.936828,1137.89,USD,credit_card,success
999a32ab-bc47-4c50-94ac-405e16ee634e,ORD-00333,2026-01-09 23:56:12.936828,1045.14,USD,paypal,success
190adc94-16e0-434b-b0a0-4a0d3930f659,ORD-00334,2026-02-14 16:25:15.393804,1093.81,USD,credit_card,success
cdd5cbed-175a-4cd1-9d9d-da42c2c2dd72,ORD-00335,2026-04-02 04:41:01.000000,2459.75,USD,credit_card,success
7042dca0-f92d-472a-9429-60dcaefa0e9b,ORD-00336,2026-03-10 06:39:27.326664,1148.77,EUR,credit_card,success
75b4a904-fd83-44bc-9a8c-ed476f3a3e93,ORD-00336,2026-03-12 06:39:27.326664,1148.77,EUR,credit_card,success
6fa49155-8405-439e-a3ae-257cbacff4d9,ORD-00336,2026-03-12 06:39:27.326664,1148.76,EUR,credit_card,success
0675da00-eb69-4ca9-9ad1-34be7150eff3,ORD-00337,2026-03-01 16:06:20.000000,1351.34,EUR,paypal,success
e59ef1ed-e67d-493a-9c57-856056be309d,ORD-00338,2026-01-22 04:36:40.000000,144.47,USD,paypal,success
142933ea-29df-4ad1-ae78-4bfc5e7fa274,ORD-00339,2026-02-16 14:30:53.428196,1112.78,EUR,paypal,success
161412dd-ef49-4491-98fb-4e9a9352c8a3,ORD-00339,2026-02-19 14:30:53.428196,1112.78,EUR,credit_card,success
f4b54a09-8d9f-4a83-9c98-e47c0371e294,ORD-00339,2026-02-22 14:30:53.428196,1112.78,EUR,paypal,success
51c32c8a-e7ea-41ec-8ae6-13b9bbd3bdd2,ORD-00341,2026-04-04 03:53:12.490244,470.38,USD,credit_card,success
96ffab0b-43eb-4094-a4dd-247a309ac8ea,ORD-00342,2026-01-24 20:00:47.917957,24.66,USD,credit_card,success
8041d582-30ac-43b7-8eb4-3ec7a5b609b1,ORD-00342,2026-01-29 20:00:47.917957,22.35,USD,bank_transfer,success
467388e2-94ab-4a9b-862a-a758def59143,ORD-00343,2026-04-10 15:18:28.777172,29.27,USD,credit_card,success
d93e5c1b-05b4-408b-903a-20791039adbe,ORD-00344,2026-01-23 20:03:24.799613,1519.18,EUR,crypto,success
073899df-b364-4983-bcb9-0c715391177d,ORD-00345,2026-01-25 08:42:03.000000,757.46,USD,credit_card,success
38deef73-afb8-4c83-97ea-dc5e83b073b7,ORD-00346,2026-01-27 17:52:10.000000,1782.77,USD,credit_card,success
d679f11b-171c-4fbb-b87a-fdeb09d0e642,ORD-00347,2026-01-16 03:40:22.239266,346.17,EUR,credit_card,success
66a46332-c88b-4ae7-a03a-8818886dab42,ORD-00347,2026-01-17 03:40:22.239266,346.16,EUR,bank_transfer,success
968a13dc-0919-42b1-a180-753f90aacbc5,ORD-00348,2026-03-24 15:51:45.934166,448.08,USD,credit_card,success
8abc9126-88d8-4473-83d8-576522603bf8,ORD-00349,2026-02-23 06:10:46.783026,1183.95,USD,bank_transfer,success
cb2c93c8-85b7-4792-9b5c-8ee8c5850785,ORD-00350,2026-03-24 06:24:07.854396,487.39,EUR,paypal,success
610f8ca9-5e7c-4ee1-84c0-39139aec8c8d,ORD-00350,2026-03-27 06:24:07.854396,487.39,EUR,paypal,failed
4a0156f1-abf3-43ce-8b48-bf2dc6d9f18c,ORD-00350,2026-03-26 06:24:07.854396,487.4,EUR,credit_card,success
22c5c1fb-558a-4ed0-ac25-80879a753e21,ORD-00351,2026-04-07 23:59:07.033472,1429.1,USD,credit_card,success
32741a8a-705c-43f7-b7fd-36f826ec8b02,ORD-00352,2026-02-23 21:50:55.000000,23.22,USD,credit_card,pending
da2dbfce-7b88-47cf-b02a-b55a9560f1c1,ORD-00354,2026-01-26 08:51:24.427264,704.5,USD,bank_transfer,success
6d176945-4f12-4fa0-b9d1-88dc16a07e0d,ORD-00355,2026-04-01 18:43:40.737548,2168.62,USD,paypal,success
ffa7e78a-3553-47d7-ab5b-3ad974451317,ORD-00356,2026-03-17 18:19:21.205809,287.91,EUR,credit_card,success
337ffa46-b277-4b61-8842-3246071d041d,ORD-00357,2026-04-06 11:08:51.403183,993.8,USD,credit_card,success
e2cfdbed-e230-4d56-9a67-e2a19e3cdb14,ORD-00358,2026-01-21 18:53:41.872056,2346.14,USD,credit_card,success
cadbc521-27c9-44d3-bc32-bcf5d12e64cb,ORD-00359,2026-03-25 23:03:03.597094,890.51,EUR,paypal,success
41296ecb-a8bb-4d1d-bb77-4803cf4eb8c9,ORD-00360,2026-01-12 05:45:40.413765,1473.04,EUR,crypto,success
c27056be-4c39-437f-a025-b5af0c087fbe,ORD-00361,2026-01-19 02:41:35.031961,367.31,USD,credit_card,success
88caf5cd-837f-40a2-8d9f-c65ed86dddf6,ORD-00361,2026-01-20 02:41:35.031961,367.32,USD,bank_transfer,success
2c564872-9cf1-4906-a469-a8ad8e7a2446,ORD-00362,2026-02-01 17:21:55.000000,-996.08,USD,credit_card,success
306c13f5-adba-465b-8397-8a9e97c4e891,ORD-00363,2026-04-03 19:28:46.886024,3092.43,USD,credit_card,success
10ceff82-827a-46c6-80ab-7ca0b460caf9,ORD-00364,2026-02-15 17:38:48.281444,1002.57,USD,credit_card,success
4aa20721-9ad6-458a-9f7e-0ac652450827,ORD-00365,2026-01-28 00:34:50.629684,1031.6,USD,credit_card,success
a9cf84d8-7721-454a-933c-424443ca75d8,ORD-00366,2026-02-18 07:22:35.479053,-1758.89,USD,credit_card,success
a5320675-ed69-4f85-a480-1a440b0a19b3,ORD-00367,2026-02-26 17:18:09.315322,2125.95,USD,bank_transfer,success
d935265f-9b23-4453-9d3f-abb38a61d38f,ORD-00368,2026-02-06 09:33:44.169650,884.95,USD,bank_transfer,success
c3b3a55d-12d3-4a83-94c5-6dae902346a9,ORD-00369,2026-02-23 14:59:22.117076,4025.39,USD,paypal,success
42896beb-f043-4436-8832-7be842b97849,ORD-00370,2026-03-01 15:10:47.119047,2476.58,USD,paypal,success
db026858-baf9-4d1d-9d0e-53baa11c9b5c,ORD-00371,2026-04-01 20:44:24.000000,2871.53,EUR,crypto,success
46fafc7f-3dd8-40d5-a4be-552ae9dbb57e,ORD-00372,2026-01-05 19:42:55.000000,1247.22,USD,bank_transfer,success
f73e2bfa-fa53-4025-87da-a43f72e5a24b,ORD-00373,2026-03-13 20:25:25.753388,895.37,USD,credit_card,success
67f536e8-7891-46de-a979-d1d9e1a91461,ORD-00374,2026-02-05 21:20:38.721102,1655.71,USD,credit_card,success
e9da1a22-3ba5-49d5-ab05-906556d577b6,ORD-00375,2026-03-22 23:47:32.888292,277.71,USD,credit_card,success
05f293e2-e8a1-48f0-80a5-c4831d3dedcc,ORD-00376,2026-01-21 06:57:03.215015,1413.21,USD,credit_card,success
1e0ab519-f66c-43d6-aa20-087e00467eaf,ORD-00376,2026-01-23 06:57:03.215015,1413.21,USD,paypal,success
ffcbe704-e2ba-4a96-9b1b-241b4792fc17,ORD-00377,2026-02-02 20:26:39.242341,234.06,USD,credit_card,success
2729df4b-0cbe-4509-8a65-9030ce2586c9,ORD-00378,2026-01-07 10:30:10.000000,721.8,EUR,paypal,success
e4aadc61-5a73-4b69-a5f9-620dec0c0c61,ORD-00379,2026-02-23 04:15:14.750197,2304.57,USD,bank_transfer,success
bc52772e-746f-431c-b3bb-3c2a3e0577d5,ORD-00380,2026-02-06 22:18:22.043299,1327.53,USD,credit_card,success
8b62c3df-5bf6-4712-a12d-471272585b4a,ORD-00382,2026-02-21 16:17:36.575402,1426.09,USD,paypal,success
60da6bdf-5588-4fce-b7cf-f84d1c053efe,ORD-00383,2026-02-05 05:22:37.777002,839.39,USD,credit_card,success
45b8f535-86ba-4de6-b5a0-ff111d4f7770,ORD-00383,2026-02-08 05:22:37.777002,448.05,USD,credit_card,success
29b7d9f5-b8dc-4319-86e2-1a96296c2bd0,ORD-00384,2026-03-10 10:02:00.000000,1157.49,USD,paypal,success
deb7562f-9a02-402b-adbe-889fd26e04a8,ORD-00385,2026-02-21 20:06:38.563916,2092.23,USD,paypal,success
0541df12-c60f-4d9b-a17a-a3c632246c6c,ORD-00386,2026-04-03 17:02:22.000000,943.95,USD,paypal,success
7369d918-d800-42a5-8d13-ba4d03eadaba,ORD-00388,2026-02-10 17:16:20.000000,-1542.39,EUR,paypal,success
336228dd-d0bb-4008-afe3-881ddb6e8b04,ORD-00389,2026-01-05 22:26:09.735926,672.81,USD,credit_card,success
8b138848-0373-4056-8f65-48cdd2c7684e,ORD-00390,2026-01-25 12:36:36.573554,3695.46,USD,paypal,success
45b70753-33c4-4e22-b772-53682e44e765,ORD-00391,2026-01-21 05:11:38.828256,182.28,USD,credit_card,success
725d2144-56bb-4289-9da3-019f509fa792,ORD-00392,2026-03-31 14:55:17.000000,1457.59,EUR,credit_card,failed
1d3d952c-c70f-4fe0-b0fb-38d7cff2c42e,ORD-00393,2026-02-14 19:03:24.574156,197.28,USD,credit_card,success
d3832175-b268-43ec-80f5-3c3bda42932d,ORD-00394,2026-02-11 14:39:25.958942,2635.69,USD,bank_transfer,success
a20831a7-6ac5-4483-b104-f300542867b7,ORD-00394,2026-02-12 14:39:25.958942,1386.21,USD,paypal,success
5f36cc64-1b57-4f60-beaa-a49d3613f454,ORD-00395,2026-01-25 21:12:58.983370,1370.14,USD,credit_card,success
65c6d834-b76b-48f5-b94f-4b23054ff820,ORD-00396,2026-01-22 16:01:06.606978,2444.32,USD,credit_card,pending
c34a24df-bec1-4839-8815-96447cdbb8fa,ORD-00396,2026-01-23 16:01:06.606978,1523.2,USD,paypal,success
8264ee93-f8cc-4429-8506-75fbb13b12df,ORD-00397,2026-03-01 16:13:24.579276,2753.52,EUR,credit_card,failed
046ec986-3cfb-4aa3-8300-482a3f8ae6e8,ORD-00398,2026-02-23 20:42:53.000000,-1433.99,USD,credit_card,success
1f73eaa6-452c-4f59-874f-1cc9fce75975,ORD-00399,2026-02-24 06:45:29.115546,1040.27,EUR,credit_card,success
fe884d7c-e041-4c97-a2c7-80f0e70a799c,ORD-00400,2026-01-22 00:43:55.000000,511.43,USD,credit_card,success
aeaf1985-d0ef-4a8d-b1f4-a62c423daf1c,ORD-00401,2026-03-30 14:58:49.056245,2729.22,USD,paypal,pending
ebe7fcfb-2530-40c8-9d72-3eef84d11a2d,ORD-00402,2026-01-29 19:26:52.614394,-922.22,USD,credit_card,success
9f098e30-71bd-4404-934f-0998d4a30392,ORD-00403,2026-02-15 11:03:20.239088,482.66,USD,paypal,success
125ac17f-71f9-49c6-81e6-50b38c949bd2,ORD-00404,2026-02-19 02:37:53.000000,2044.03,EUR,credit_card,success
69261ef3-6218-416c-a1d5-bfeeeba783c7,ORD-00405,2026-03-03 12:29:52.053023,446.46,EUR,credit_card,success
807cef48-c145-437a-a129-2537ccae9f7c,ORD-00405,2026-03-07 12:29:52.053023,443.42,USD,bank_transfer,success
55edde28-7076-44af-807a-74403c2452b1,ORD-00406,2026-02-17 15:11:01.281948,1244.21,USD,credit_card,success
6acfcb4e-3702-4875-a76c-fba668cd6f7c,ORD-00407,2026-01-22 06:25:45.110903,981.83,USD,paypal,success
bf101ce9-7045-4a3e-97e8-8dd7a58e1e4e,ORD-00408,2026-04-07 14:34:32.339008,1873.8,USD,credit_card,success
516f906a-5a8f-44b5-b609-8d8ac50868a3,ORD-00409,2026-03-14 13:00:05.225371,2547.77,USD,credit_card,success
519d67d6-cd2c-4baf-baa7-8f6cd9ac1968,ORD-00410,2026-02-19 11:23:54.000000,1802.15,USD,bank_transfer,success
496ed9f1-e3aa-45b8-bee2-6e38465cd572,ORD-00412,2026-01-16 03:23:32.073759,3067.62,USD,bank_transfer,success
67a6dfb2-385a-4423-a350-64326e268894,ORD-00413,2026-02-26 14:21:20.214350,482.34,USD,credit_card,success
73b97647-9066-4f48-9330-35b9fcc70b25,ORD-00413,2026-03-02 14:21:20.214350,328.35,USD,credit_card,success
910331dd-8977-48cd-b461-b525f264d048,ORD-00414,2026-03-25 10:47:22.163949,2755.49,EUR,credit_card,success
cb3f6b3b-f29c-437e-acc5-2938f8a7c627,ORD-00415,2026-03-02 20:32:06.556212,-487.15,USD,credit_card,success
dcfeb108-3b34-4714-a836-85ab9b0e4149,ORD-00416,2026-01-28 13:59:45.000000,524.51,EUR,paypal,success
eab55a16-ea8e-4c3a-8421-b19747a63f09,ORD-00417,2026-01-30 05:59:58.567513,2731.36,USD,credit_card,success
dacb0691-d3af-4f18-bb91-a2827ed14809,ORD-00417,2026-02-02 05:59:58.567513,2502.63,USD,bank_transfer,success
2d9c11f6-3214-444d-8dbd-cafb7e447e62,ORD-00418,2026-03-21 23:31:02.000000,487.05,USD,paypal,success
1d7e085b-6f1a-426d-958c-0baa16ff4fae,ORD-00419,2026-02-24 02:05:32.673204,654.64,USD,paypal,success
d8bf18f6-1d08-443c-9354-f4a63609d4f6,ORD-00419,2026-02-28 02:05:32.673204,345.25,USD,crypto,success
76fe8d82-d9a1-4ccd-b497-bc80ccb9e96f,ORD-00420,2026-02-12 20:42:36.492363,2286.31,USD,paypal,success
85418960-e1c3-44cd-a310-75053cd5d639,ORD-00421,2026-01-24 07:23:56.000000,-242.03,USD,credit_card,success
c3e1bab6-310c-403c-bc34-fce332a93330,ORD-00421,2026-01-25 07:23:56.000000,242.04,USD,credit_card,success
69dde2da-1960-4395-a898-5dac4c85c28f,ORD-00422,2026-01-11 23:17:40.283199,2016.97,USD,credit_card,success
964e1c29-ce31-407a-94ba-9d6e64035b00,ORD-00423,2026-02-27 07:48:26.005287,1296.23,EUR,paypal,success
d1d67d28-c385-468c-948a-e238faf9ea1a,ORD-00424,2026-02-23 14:02:11.482297,3047.76,EUR,crypto,success
673dc459-238d-4c11-ba63-ef49fc25d077,ORD-00425,2026-03-09 04:04:25.239210,842.37,EUR,paypal,success
b6d4e67f-20fb-40a6-90d8-12d03e587b4d,ORD-00426,2026-03-25 13:19:10.000000,97.81,USD,crypto,success
37444c8d-5ae1-406a-aba2-434343281f6a,ORD-00428,2026-01-22 21:23:00.727943,1127.81,EUR,credit_card,pending
915c299d-eb1a-42f2-80fe-924026610325,ORD-00429,2026-03-26 08:21:34.907396,2108.95,USD,paypal,success
6f3a19f4-dd20-4640-ad47-3ff2b6001f50,ORD-00431,2026-04-02 13:09:36.281249,2717.79,EUR,credit_card,success
65f58037-2c78-4999-8e9b-b088db9b4548,ORD-00432,2026-02-04 11:01:10.710475,1370.02,USD,credit_card,success
30a7438e-70e5-4362-a477-8bc1655257b6,ORD-00433,2026-02-19 17:20:14.676609,1489.49,USD,paypal,success
b8525396-b677-4452-a496-b47086923d4d,ORD-00433,2026-02-21 17:20:14.676609,1489.49,USD,bank_transfer,success
9382b48f-d151-4bdf-b9ad-481bd1b2b091,ORD-00434,2026-02-14 14:01:44.992160,1751.93,USD,bank_transfer,success
2e34985c-021c-4bc7-a964-3cc05dba7ffd,ORD-00435,2026-02-23 08:26:51.462880,1087.68,EUR,credit_card,success
00f72b49-05f0-450e-a1f5-f26611286a8c,ORD-00436,2026-03-13 01:25:06.523419,-3165.36,USD,credit_card,success
42fddc6d-afab-430e-af8e-0113c0797b4e,ORD-00437,2026-02-21 09:48:35.369780,233.38,EUR,paypal,success
9d73f69d-c038-41d8-b177-0012c0c371f8,ORD-00437,2026-02-23 09:48:35.369780,,EUR,paypal,success
72a51158-4ab9-4f21-8bda-6d07eaba3339,ORD-00437,2026-02-27 09:48:35.369780,233.38,EUR,credit_card,success
fd9d17b1-e735-4b45-b387-1489d030c8cf,ORD-00438,2026-03-09 01:17:26.430818,3150.96,USD,credit_card,success
273e3b6e-3e82-4f9b-a20e-c58c3f61fd57,ORD-00439,2026-02-22 03:17:17.965166,566.0,USD,credit_card,success
74daa737-11b6-4e76-b2b5-6ca1b803538b,ORD-00440,2026-02-23 02:12:08.755965,1203.96,EUR,credit_card,success
919de7b2-3880-4971-94c3-d8e7a113fb38,ORD-00441,2026-02-08 12:05:29.000000,1364.58,USD,credit_card,success
9cd77d89-01ef-47bb-8601-6f15f6d2ae3a,ORD-00442,2026-01-20 03:00:33.134297,553.98,USD,credit_card,success
b069209e-2897-4d8d-8b1d-0b0656d5016a,ORD-00443,2026-01-29 08:31:06.423807,-1390.61,EUR,credit_card,success
8580ce3a-7168-4390-abb0-ab52040aaf30,ORD-00444,2026-01-20 09:48:22.427261,,USD,paypal,failed
7a069b5f-e615-4d36-931a-758ef7e2cb79,ORD-00445,2026-01-16 06:11:59.597564,1092.68,USD,bank_transfer,success
36fd5a36-0160-4727-84ec-aaf42d3910e3,ORD-00446,2026-03-01 05:59:06.446154,169.67,USD,bank_transfer,success
b9ca5b54-986f-4cf3-8c66-09b750dac6c3,ORD-00446,2026-03-03 05:59:06.446154,125.08,USD,crypto,success
7f1b19c2-f160-473d-90f0-3a37816f2d27,ORD-00447,2026-03-02 10:30:33.707080,2594.83,USD,credit_card,success
3e9f80c0-61fd-420a-bbac-fbd34e9b701f,ORD-00448,2026-03-25 17:48:30.616988,757.82,USD,bank_transfer,success
a0600870-19b9-472f-9056-aa1e18ed870c,ORD-00449,2026-01-21 14:24:00.000000,462.89,USD,credit_card,success
ae107c0b-1b54-4242-9715-9d177246a376,ORD-00450,2026-02-10 22:57:33.787570,1817.37,USD,credit_card,success
592d90de-dbd8-4f03-b856-eaf54379bb25,ORD-00451,2026-01-14 18:01:03.000000,1958.7,EUR,credit_card,success
4f44ae01-2a3e-45ff-ae97-4df473094099,ORD-00452,2026-01-14 15:57:54.026431,1534.34,USD,paypal,success
73b9d01b-f7e1-48ca-8419-5217d944a994,ORD-00453,2026-03-29 22:03:25.930255,2120.91,USD,paypal,success
7b844953-19e2-455d-8df5-7443563ba847,ORD-00454,2026-03-19 17:40:18.070319,807.2,USD,crypto,success
a5d5784f-b680-4614-8301-dff6badb76b4,ORD-00455,2026-02-21 13:12:08.042678,1037.9,USD,credit_card,success
38ff7c6e-4ab9-4d86-abf8-5a6315d22ce0,ORD-00456,2026-03-16 20:22:56.661168,2040.64,USD,crypto,success
1bff6428-4cc3-4fb8-a0fd-7b398f017970,ORD-00457,2026-03-12 03:47:29.642814,917.39,USD,paypal,success
1755715b-458b-4e48-9933-2b2c4f24016c,ORD-00459,2026-03-18 21:08:48.579827,420.08,USD,credit_card,success
ebde9991-d21c-4ed2-b6ed-547153198dee,ORD-00460,2026-03-25 06:35:40.646434,1637.42,USD,bank_transfer,success
0915857f-1150-4e57-af76-9854c5c5b805,ORD-00460,2026-03-28 06:35:40.646434,1637.42,USD,bank_transfer,success
101a20de-f926-494a-927f-49fc870a3461,ORD-00461,2026-01-22 18:19:46.553046,990.8,USD,credit_card,success
1c80d5f2-9d1d-478d-aa65-9b296101e746,ORD-00462,2026-03-16 14:39:16.000000,922.67,EUR,credit_card,success
d118cbdb-2213-42db-9ab1-bf17322aedf8,ORD-00463,2026-03-11 18:56:42.509105,1439.47,USD,credit_card,success
3364457b-016c-41e7-880e-7f3dbbcc7d3d,ORD-00464,2026-02-17 20:08:03.607164,1801.37,USD,credit_card,success
e13a9d54-d95f-45e0-9829-f56951a7d880,ORD-00464,2026-02-19 20:08:03.607164,1054.33,USD,credit_card,success
b07ea093-22fc-4a7a-b994-9feec1e876e8,ORD-00465,2026-01-15 14:01:20.351943,945.78,EUR,paypal,success
51022c96-23de-4458-a762-45f2a3f4d83a,ORD-00466,2026-03-03 05:06:55.290527,,EUR,paypal,success
597e9b41-022d-4567-a3cf-afeb93a318c7,ORD-00467,2026-01-16 10:33:12.383059,874.78,USD,paypal,success
56cdd0c3-dde3-4fa3-af29-ed41244497ab,ORD-00467,2026-01-17 10:33:12.383059,874.79,USD,credit_card,success
e958fba1-8bd5-48bd-b0f0-b107a106ccfa,ORD-00468,2026-03-21 23:53:26.535569,3826.94,USD,paypal,success
4f78d6ce-3a31-4739-b4bf-fa4726b7e16d,ORD-00469,2026-01-30 10:34:45.283902,1069.24,EUR,paypal,success
e5e60453-2587-4492-a42f-dc2d8c5de81c,ORD-00470,2026-01-25 08:47:39.483898,381.76,USD,credit_card,success
2aec2b89-364e-4d3b-97a9-1cc6d78dd4b5,ORD-00470,2026-01-26 08:47:39.483898,381.76,USD,credit_card,success
b962ae1e-e392-43ff-ba3a-25cbff5314c2,ORD-00470,2026-01-27 08:47:39.483898,381.76,USD,paypal,success
5c95fb97-c60b-4159-9860-90551fd6852f,ORD-00471,2026-01-27 06:12:36.212261,729.09,USD,credit_card,success
2761a3a4-0292-47ef-b3ed-108e4cd17708,ORD-00471,2026-01-28 06:12:36.212261,624.29,USD,paypal,success
cc94c382-8578-45ab-8fec-12c65a7e7b37,ORD-00472,2026-01-25 03:18:44.790431,554.2,USD,credit_card,success
ec641a08-d233-4a0b-8e6f-c08317ff994d,ORD-00473,2026-03-27 13:19:59.455958,1482.34,USD,bank_transfer,success
c6433bb4-f71b-4cc5-81f2-ba9e4b2d4393,ORD-00474,2026-02-14 20:17:27.236123,862.07,EUR,credit_card,success
facb1470-1118-415e-9075-ff1634dcb82a,ORD-00475,2026-03-20 09:56:10.854958,1296.17,EUR,credit_card,success
304054cc-47d9-4ef9-a453-fdd7c74eeb4f,ORD-00476,2026-02-07 14:52:38.615306,1491.15,USD,credit_card,success
d4b0a123-15ff-421a-97ef-dafac259a4c5,ORD-00477,2026-02-06 21:52:45.747105,420.88,EUR,credit_card,success
c81734b8-b65a-4ff0-995b-9c4a2fbff18b,ORD-00478,2026-03-10 09:48:01.764065,1076.36,USD,paypal,success
cc0415f5-6c71-4bb4-a154-5caffc771693,ORD-00480,2026-03-13 14:48:55.000000,874.68,USD,crypto,pending
4c01dbcd-7175-40a3-925a-579a20f71eda,ORD-00480,2026-03-15 14:48:55.000000,477.47,USD,paypal,success
3c6be3d4-87d0-4140-be46-ec3437958d96,ORD-00481,2026-01-14 12:26:16.449982,2909.16,USD,credit_card,success
3a9564a7-403e-43c4-8126-23483411032d,ORD-00481,2026-01-17 12:26:16.449982,1869.65,USD,crypto,success
6ab8cae5-4a54-43c5-943d-9c5558f3f2ec,ORD-00482,2026-03-06 10:18:26.098837,3113.48,USD,credit_card,success
8bc489bb-e8ab-4c98-8300-0fba7f3bcbe5,ORD-00483,2026-01-19 20:01:05.000000,-3063.87,USD,credit_card,success
c672f2e8-8455-4229-8481-76360a6bc1a7,ORD-00484,2026-01-23 02:53:00.544674,2827.57,EUR,credit_card,success
36c1e6aa-83bc-48d6-bfe9-f8a16d6fd130,ORD-00485,2026-02-27 15:09:02.204677,2457.78,EUR,credit_card,success
2d25677b-dac9-4138-a636-952c6f48d66e,ORD-00486,2026-03-20 06:25:54.450308,3729.83,EUR,credit_card,success
c6213635-3216-4db0-9bf8-8b1a1b222cb2,ORD-00487,2026-01-21 21:39:51.221851,1531.58,USD,crypto,success
60c67e47-b71d-43ae-afcc-ccc0df0844c5,ORD-00488,2026-02-02 21:55:34.710882,415.29,USD,paypal,success
356707e9-de60-4cbd-a8f7-a864e7094e8d,ORD-00488,2026-02-03 21:55:34.710882,415.29,USD,bank_transfer,success
b602a667-04a3-4e21-87a0-a54cb0f3f8a6,ORD-00488,2026-02-08 21:55:34.710882,415.3,USD,paypal,success
a855804f-415d-443e-a0d1-165abd660316,ORD-00489,2026-03-12 20:43:24.052207,-1302.55,USD,credit_card,success
a24f485b-1f4c-465e-adf0-d4a509ea57d0,ORD-00490,2026-01-30 04:29:16.055036,1513.19,USD,bank_transfer,success
2fef3d9c-0879-4abf-ab94-2c14825c9511,ORD-00491,2026-02-06 13:42:24.000000,-627.21,EUR,paypal,success
92d16970-49e7-43e8-9bc3-7383dc8aa796,ORD-00492,2026-02-14 06:06:43.232136,1058.84,USD,credit_card,success
b1cd9605-392b-4e76-a1d2-b911123eb826,ORD-00492,2026-02-17 06:06:43.232136,1058.84,USD,credit_card,success
3eb35bda-9fe6-4970-97dd-48f3db1c765c,ORD-00492,2026-02-16 06:06:43.232136,1058.83,USD,paypal,success
04022f58-dafb-4769-971c-faae881a816f,ORD-00493,2026-02-28 10:56:55.789313,2222.87,EUR,credit_card,success
b044e06c-06a7-4de8-92f6-d926588bd8cb,ORD-00494,2026-01-14 00:28:17.000000,228.72,USD,credit_card,success
0f4d5fed-5192-4a65-9f0e-a6922ebcddc2,ORD-00495,2026-02-09 20:29:18.599947,1487.52,USD,credit_card,success
200fb6e9-054f-4a79-9dc8-ddaa71cb87c5,ORD-00496,2026-03-18 08:11:31.000000,205.2,USD,credit_card,success
0952baf1-bd21-428e-9b6a-485d36431bad,ORD-00497,2026-03-17 02:53:58.926278,1672.26,USD,crypto,success
aa24da64-ccd2-4b79-955f-85931c1744b6,ORD-00498,2026-04-06 22:46:16.113232,1905.39,USD,crypto,success
73c5f4d8-4c6b-4dbc-b33c-66c10a63275c,ORD-00499,2026-02-09 14:16:41.565155,-1871.31,USD,bank_transfer,success
37e38e81-0a53-4612-a7d7-4f5a0eff18fc,ORD-00500,2026-01-12 05:17:27.469116,921.79,EUR,credit_card,success
